Country,Coffee type,Total_domestic_consumption,Year,Consumption
Country 1,Robusta/Arabica,46500000,1990-91,1344000.0
Country 2,Arabica,75180000,1990-91,1680000.0
Country 3,Arabica/Robusta,27824700000,1990-91,551040000.0
Country 4,Arabica/Robusta,3412020,1990-91,134400.0
Country 5,Arabica/Robusta,381540000,1990-91,23520000.0
Country 6,Robusta/Arabica,4920480000,1990-91,83462400.0
Country 7,Robusta,588705960,1990-91,23520000.0
Country 8,Arabica,2340000,1990-91,134400.0
Country 9,Arabica/Robusta,3608400,1990-91,201600.0
Country 10,Arabica,35100000,1990-91,1008000.0
Country 11,Arabica,402000000,1990-91,12768000.0
Country 12,Arabica,2139960,1990-91,67200.0
Country 13,Arabica,294000,1990-91,0.0
Country 14,Arabica,8595960,1990-91,537600.0
Country 15,Robusta,5360040,1990-91,201600.0
Country 16,Arabica,384006000,1990-91,14313600.0
Country 17,Arabica/Robusta,642823380,1990-91,21504000.0
Country 18,Arabica,600600000,1990-91,14784000.0
Country 19,Robusta/Arabica,2807280000,1990-91,48384000.0
Country 20,Arabica/Robusta,76425060,1990-91,268800.0
Country 21,Arabica,991920,1990-91,100800.0
Country 22,Robusta/Arabica,143450940,1990-91,5597760.0
Country 23,Robusta,24794400,1990-91,1881600.0
Country 24,Arabica,2536776384,1990-91,82992000.0
Country 25,Arabica,665335200,1990-91,25200000.0
Country 26,Robusta,410260140,1990-91,3360000.0
Country 27,Robusta/Arabica,359880000,1990-91,13440000.0
Country 28,Arabica,417242040,1990-91,12096000.0
Country 29,Robusta,0,1990-91,0.0
Country 30,Arabica,4536540000,1990-91,80640000.0
Country 31,Robusta,1123140,1990-91,114240.0
Country 32,Robusta,9970800,1990-91,1142400.0
Country 33,Arabica/Robusta,590880000,1990-91,20160000.0
Country 34,Robusta,86730000,1990-91,1680000.0
Country 35,Robusta,9203040,1990-91,0.0
Country 36,Arabica,471850680,1990-91,12643948.8
Country 37,Robusta/Arabica,2093460000,1990-91,60681600.0
Country 38,Arabica,18688020,1990-91,470400.0
Country 39,Arabica,95190000,1990-91,3360000.0
Country 40,Robusta,157980000,1990-91,0.0
Country 41,Robusta,8640000,1990-91,201600.0
Country 42,Arabica/Robusta,3189660000,1990-91,92332800.0
Country 43,Arabica,0,1990-91,0.0
Country 44,Arabica,299700300,1990-91,2284800.0
Country 45,Robusta,70740000,1990-91,1848000.0
Country 46,Arabica,122916960,1990-91,4233600.0
Country 47,Robusta,10080000,1990-91,604800.0
Country 48,Robusta/Arabica,58300020,1990-91,4480022.4
Country 49,Robusta/Arabica,1248600000,1990-91,12633600.0
Country 50,Robusta,2167620,1990-91,67200.0
Country 51,Robusta,21090000,1990-91,537600.0
Country 52,Robusta/Arabica,284816400,1990-91,4704000.0
Country 53,Arabica,2386067999,1990-91,52576608.0
Country 54,Robusta/Arabica,1920928320,1990-91,10080000.0
Country 55,Arabica,121620000,1990-91,0.0
Country 1,Robusta/Arabica,46500000,1991-92,2016000.0
Country 2,Arabica,75180000,1991-92,1814400.0
Country 3,Arabica/Robusta,27824700000,1991-92,571200000.0
Country 4,Arabica/Robusta,3412020,1991-92,107520.0
Country 5,Arabica/Robusta,381540000,1991-92,23520000.0
Country 6,Robusta/Arabica,4920480000,1991-92,86016000.0
Country 7,Robusta,588705960,1991-92,20160000.0
Country 8,Arabica,2340000,1991-92,134400.0
Country 9,Arabica/Robusta,3608400,1991-92,201600.0
Country 10,Arabica,35100000,1991-92,1008000.0
Country 11,Arabica,402000000,1991-92,12768000.0
Country 12,Arabica,2139960,1991-92,67200.0
Country 13,Arabica,294000,1991-92,0.0
Country 14,Arabica,8595960,1991-92,537600.0
Country 15,Robusta,5360040,1991-92,179222.4
Country 16,Arabica,384006000,1991-92,14313600.0
Country 17,Arabica/Robusta,642823380,1991-92,21504000.0
Country 18,Arabica,600600000,1991-92,22176000.0
Country 19,Robusta/Arabica,2807280000,1991-92,50400000.0
Country 20,Arabica/Robusta,76425060,1991-92,235200.0
Country 21,Arabica,991920,1991-92,100800.0
Country 22,Robusta/Arabica,143450940,1991-92,5599977.6
Country 23,Robusta,24794400,1991-92,1881600.0
Country 24,Arabica,2536776384,1991-92,85276800.0
Country 25,Arabica,665335200,1991-92,25200000.0
Country 26,Robusta,410260140,1991-92,3360000.0
Country 27,Robusta/Arabica,359880000,1991-92,13440000.0
Country 28,Arabica,417242040,1991-92,12096000.0
Country 29,Robusta,0,1991-92,0.0
Country 30,Arabica,4536540000,1991-92,84940800.0
Country 31,Robusta,1123140,1991-92,67200.0
Country 32,Robusta,9970800,1991-92,1142400.0
Country 33,Arabica/Robusta,590880000,1991-92,20160000.0
Country 34,Robusta,86730000,1991-92,1680000.0
Country 35,Robusta,9203040,1991-92,0.0
Country 36,Arabica,471850680,1991-92,17277120.0
Country 37,Robusta/Arabica,2093460000,1991-92,61600022.4
Country 38,Arabica,18688020,1991-92,739200.0
Country 39,Arabica,95190000,1991-92,3360000.0
Country 40,Robusta,157980000,1991-92,0.0
Country 41,Robusta,8640000,1991-92,201600.0
Country 42,Arabica/Robusta,3189660000,1991-92,80640000.0
Country 43,Arabica,0,1991-92,0.0
Country 44,Arabica,299700300,1991-92,9273600.0
Country 45,Robusta,70740000,1991-92,2402400.0
Country 46,Arabica,122916960,1991-92,4502400.0
Country 47,Robusta,10080000,1991-92,604800.0
Country 48,Robusta/Arabica,58300020,1991-92,4502400.0
Country 49,Robusta/Arabica,1248600000,1991-92,14784000.0
Country 50,Robusta,2167620,1991-92,67200.0
Country 51,Robusta,21090000,1991-92,772800.0
Country 52,Robusta/Arabica,284816400,1991-92,5040000.0
Country 53,Arabica,2386067999,1991-92,54800256.0
Country 54,Robusta/Arabica,1920928320,1991-92,15456000.0
Country 55,Arabica,121620000,1991-92,0.0
Country 1,Robusta/Arabica,46500000,1992-93,2352000.0
Country 2,Arabica,75180000,1992-93,1848000.0
Country 3,Arabica/Robusta,27824700000,1992-93,598080000.0
Country 4,Arabica/Robusta,3412020,1992-93,114240.0
Country 5,Arabica/Robusta,381540000,1992-93,23520000.0
Country 6,Robusta/Arabica,4920480000,1992-93,88636800.0
Country 7,Robusta,588705960,1992-93,23520000.0
Country 8,Arabica,2340000,1992-93,134400.0
Country 9,Arabica/Robusta,3608400,1992-93,201600.0
Country 10,Arabica,35100000,1992-93,1008000.0
Country 11,Arabica,402000000,1992-93,13440000.0
Country 12,Arabica,2139960,1992-93,67200.0
Country 13,Arabica,294000,1992-93,0.0
Country 14,Arabica,8595960,1992-93,537600.0
Country 15,Robusta,5360040,1992-93,179222.4
Country 16,Arabica,384006000,1992-93,13104000.0
Country 17,Arabica/Robusta,642823380,1992-93,21504000.0
Country 18,Arabica,600600000,1992-93,22176000.0
Country 19,Robusta/Arabica,2807280000,1992-93,50400000.0
Country 20,Arabica/Robusta,76425060,1992-93,1290240.0
Country 21,Arabica,991920,1992-93,96230.4
Country 22,Robusta/Arabica,143450940,1992-93,5599977.6
Country 23,Robusta,24794400,1992-93,1881600.0
Country 24,Arabica,2536776384,1992-93,87561600.0
Country 25,Arabica,665335200,1992-93,25200000.0
Country 26,Robusta,410260140,1992-93,3360000.0
Country 27,Robusta/Arabica,359880000,1992-93,13440000.0
Country 28,Arabica,417242040,1992-93,15456000.0
Country 29,Robusta,0,1992-93,0.0
Country 30,Arabica,4536540000,1992-93,89443200.0
Country 31,Robusta,1123140,1992-93,53760.0
Country 32,Robusta,9970800,1992-93,1142400.0
Country 33,Arabica/Robusta,590880000,1992-93,20160000.0
Country 34,Robusta,86730000,1992-93,4200000.0
Country 35,Robusta,9203040,1992-93,0.0
Country 36,Arabica,471850680,1992-93,16128000.0
Country 37,Robusta/Arabica,2093460000,1992-93,61622400.0
Country 38,Arabica,18688020,1992-93,403200.0
Country 39,Arabica,95190000,1992-93,3360000.0
Country 40,Robusta,157980000,1992-93,0.0
Country 41,Robusta,8640000,1992-93,201600.0
Country 42,Arabica/Robusta,3189660000,1992-93,87360000.0
Country 43,Arabica,0,1992-93,0.0
Country 44,Arabica,299700300,1992-93,4408320.0
Country 45,Robusta,70740000,1992-93,2402400.0
Country 46,Arabica,122916960,1992-93,4502400.0
Country 47,Robusta,10080000,1992-93,604800.0
Country 48,Robusta/Arabica,58300020,1992-93,1881600.0
Country 49,Robusta/Arabica,1248600000,1992-93,15657600.0
Country 50,Robusta,2167620,1992-93,67200.0
Country 51,Robusta,21090000,1992-93,672000.0
Country 52,Robusta/Arabica,284816400,1992-93,5040000.0
Country 53,Arabica,2386067999,1992-93,57117984.0
Country 54,Robusta/Arabica,1920928320,1992-93,16800000.0
Country 55,Arabica,121620000,1992-93,0.0
Country 1,Robusta/Arabica,46500000,1993-94,1344000.0
Country 2,Arabica,75180000,1993-94,1915200.0
Country 3,Arabica/Robusta,27824700000,1993-94,611520000.0
Country 4,Arabica/Robusta,3412020,1993-94,128352.0
Country 5,Arabica/Robusta,381540000,1993-94,23520000.0
Country 6,Robusta/Arabica,4920480000,1993-94,91324800.0
Country 7,Robusta,588705960,1993-94,24192000.0
Country 8,Arabica,2340000,1993-94,134400.0
Country 9,Arabica/Robusta,3608400,1993-94,134400.0
Country 10,Arabica,35100000,1993-94,1344000.0
Country 11,Arabica,402000000,1993-94,13440000.0
Country 12,Arabica,2139960,1993-94,67200.0
Country 13,Arabica,294000,1993-94,0.0
Country 14,Arabica,8595960,1993-94,559977.6
Country 15,Robusta,5360040,1993-94,201600.0
Country 16,Arabica,384006000,1993-94,13043520.0
Country 17,Arabica/Robusta,642823380,1993-94,21504000.0
Country 18,Arabica,600600000,1993-94,22176000.0
Country 19,Robusta/Arabica,2807280000,1993-94,51744000.0
Country 20,Arabica/Robusta,76425060,1993-94,1176000.0
Country 21,Arabica,991920,1993-94,67200.0
Country 22,Robusta/Arabica,143450940,1993-94,6720000.0
Country 23,Robusta,24794400,1993-94,1680000.0
Country 24,Arabica,2536776384,1993-94,89980800.0
Country 25,Arabica,665335200,1993-94,25200000.0
Country 26,Robusta,410260140,1993-94,3360000.0
Country 27,Robusta/Arabica,359880000,1993-94,13440000.0
Country 28,Arabica,417242040,1993-94,15456000.0
Country 29,Robusta,0,1993-94,0.0
Country 30,Arabica,4536540000,1993-94,94214400.0
Country 31,Robusta,1123140,1993-94,53760.0
Country 32,Robusta,9970800,1993-94,1142400.0
Country 33,Arabica/Robusta,590880000,1993-94,20832000.0
Country 34,Robusta,86730000,1993-94,2217600.0
Country 35,Robusta,9203040,1993-94,0.0
Country 36,Arabica,471850680,1993-94,15456000.0
Country 37,Robusta/Arabica,2093460000,1993-94,55999977.6
Country 38,Arabica,18688020,1993-94,645120.0
Country 39,Arabica,95190000,1993-94,3360000.0
Country 40,Robusta,157980000,1993-94,0.0
Country 41,Robusta,8640000,1993-94,336000.0
Country 42,Arabica/Robusta,3189660000,1993-94,71904000.0
Country 43,Arabica,0,1993-94,0.0
Country 44,Arabica,299700300,1993-94,7318080.0
Country 45,Robusta,70740000,1993-94,2688000.0
Country 46,Arabica,122916960,1993-94,4502400.0
Country 47,Robusta,10080000,1993-94,336000.0
Country 48,Robusta/Arabica,58300020,1993-94,1344000.0
Country 49,Robusta/Arabica,1248600000,1993-94,16800000.0
Country 50,Robusta,2167620,1993-94,67200.0
Country 51,Robusta,21090000,1993-94,672000.0
Country 52,Robusta/Arabica,284816400,1993-94,5040000.0
Country 53,Arabica,2386067999,1993-94,59534496.0
Country 54,Robusta/Arabica,1920928320,1993-94,17942400.0
Country 55,Arabica,121620000,1993-94,0.0
Country 1,Robusta/Arabica,46500000,1994-95,1680000.0
Country 2,Arabica,75180000,1994-95,1982400.0
Country 3,Arabica/Robusta,27824700000,1994-95,624960000.0
Country 4,Arabica/Robusta,3412020,1994-95,134400.0
Country 5,Arabica/Robusta,381540000,1994-95,23520000.0
Country 6,Robusta/Arabica,4920480000,1994-95,94080000.0
Country 7,Robusta,588705960,1994-95,11199955.2
Country 8,Arabica,2340000,1994-95,134400.0
Country 9,Arabica/Robusta,3608400,1994-95,134400.0
Country 10,Arabica,35100000,1994-95,1344000.0
Country 11,Arabica,402000000,1994-95,13440000.0
Country 12,Arabica,2139960,1994-95,67200.0
Country 13,Arabica,294000,1994-95,0.0
Country 14,Arabica,8595960,1994-95,559977.6
Country 15,Robusta,5360040,1994-95,201600.0
Country 16,Arabica,384006000,1994-95,13036800.0
Country 17,Arabica/Robusta,642823380,1994-95,22176000.0
Country 18,Arabica,600600000,1994-95,22176000.0
Country 19,Robusta/Arabica,2807280000,1994-95,53088000.0
Country 20,Arabica/Robusta,76425060,1994-95,1176000.0
Country 21,Arabica,991920,1994-95,100800.0
Country 22,Robusta/Arabica,143450940,1994-95,6720000.0
Country 23,Robusta,24794400,1994-95,1008000.0
Country 24,Arabica,2536776384,1994-95,92400000.0
Country 25,Arabica,665335200,1994-95,25200000.0
Country 26,Robusta,410260140,1994-95,3360000.0
Country 27,Robusta/Arabica,359880000,1994-95,13440000.0
Country 28,Arabica,417242040,1994-95,15456000.0
Country 29,Robusta,0,1994-95,0.0
Country 30,Arabica,4536540000,1994-95,99187200.0
Country 31,Robusta,1123140,1994-95,67200.0
Country 32,Robusta,9970800,1994-95,1881600.0
Country 33,Arabica/Robusta,590880000,1994-95,20832000.0
Country 34,Robusta,86730000,1994-95,3360000.0
Country 35,Robusta,9203040,1994-95,0.0
Country 36,Arabica,471850680,1994-95,17001600.0
Country 37,Robusta/Arabica,2093460000,1994-95,56112000.0
Country 38,Arabica,18688020,1994-95,1008000.0
Country 39,Arabica,95190000,1994-95,3360000.0
Country 40,Robusta,157980000,1994-95,0.0
Country 41,Robusta,8640000,1994-95,336000.0
Country 42,Arabica/Robusta,3189660000,1994-95,68544000.0
Country 43,Arabica,0,1994-95,0.0
Country 44,Arabica,299700300,1994-95,6021120.0
Country 45,Robusta,70740000,1994-95,2688000.0
Country 46,Arabica,122916960,1994-95,5152022.4
Country 47,Robusta,10080000,1994-95,336000.0
Country 48,Robusta/Arabica,58300020,1994-95,1344000.0
Country 49,Robusta/Arabica,1248600000,1994-95,19017600.0
Country 50,Robusta,2167620,1994-95,67200.0
Country 51,Robusta,21090000,1994-95,940800.0
Country 52,Robusta/Arabica,284816400,1994-95,5376000.0
Country 53,Arabica,2386067999,1994-95,62052480.0
Country 54,Robusta/Arabica,1920928320,1994-95,17942400.0
Country 55,Arabica,121620000,1994-95,0.0
Country 1,Robusta/Arabica,46500000,1995-96,672000.0
Country 2,Arabica,75180000,1995-96,2049600.0
Country 3,Arabica/Robusta,27824700000,1995-96,678720000.0
Country 4,Arabica/Robusta,3412020,1995-96,134400.0
Country 5,Arabica/Robusta,381540000,1995-96,23520000.0
Country 6,Robusta/Arabica,4920480000,1995-96,96969600.0
Country 7,Robusta,588705960,1995-96,11222400.0
Country 8,Arabica,2340000,1995-96,134400.0
Country 9,Arabica/Robusta,3608400,1995-96,134400.0
Country 10,Arabica,35100000,1995-96,1344000.0
Country 11,Arabica,402000000,1995-96,13440000.0
Country 12,Arabica,2139960,1995-96,67200.0
Country 13,Arabica,294000,1995-96,0.0
Country 14,Arabica,8595960,1995-96,443520.0
Country 15,Robusta,5360040,1995-96,201600.0
Country 16,Arabica,384006000,1995-96,13036800.0
Country 17,Arabica/Robusta,642823380,1995-96,23520000.0
Country 18,Arabica,600600000,1995-96,22176000.0
Country 19,Robusta/Arabica,2807280000,1995-96,54432000.0
Country 20,Arabica/Robusta,76425060,1995-96,913920.0
Country 21,Arabica,991920,1995-96,40320.0
Country 22,Robusta/Arabica,143450940,1995-96,6720000.0
Country 23,Robusta,24794400,1995-96,672000.0
Country 24,Arabica,2536776384,1995-96,91324800.0
Country 25,Arabica,665335200,1995-96,25200000.0
Country 26,Robusta,410260140,1995-96,3360000.0
Country 27,Robusta/Arabica,359880000,1995-96,13440000.0
Country 28,Arabica,417242040,1995-96,18144000.0
Country 29,Robusta,0,1995-96,0.0
Country 30,Arabica,4536540000,1995-96,104496000.0
Country 31,Robusta,1123140,1995-96,53760.0
Country 32,Robusta,9970800,1995-96,1881600.0
Country 33,Arabica/Robusta,590880000,1995-96,20832000.0
Country 34,Robusta,86730000,1995-96,3360000.0
Country 35,Robusta,9203040,1995-96,0.0
Country 36,Arabica,471850680,1995-96,10819200.0
Country 37,Robusta/Arabica,2093460000,1995-96,56246400.0
Country 38,Arabica,18688020,1995-96,1008000.0
Country 39,Arabica,95190000,1995-96,3360000.0
Country 40,Robusta,157980000,1995-96,0.0
Country 41,Robusta,8640000,1995-96,336000.0
Country 42,Arabica/Robusta,3189660000,1995-96,79228800.0
Country 43,Arabica,0,1995-96,0.0
Country 44,Arabica,299700300,1995-96,7492800.0
Country 45,Robusta,70740000,1995-96,2688000.0
Country 46,Arabica,122916960,1995-96,5152022.4
Country 47,Robusta,10080000,1995-96,537600.0
Country 48,Robusta/Arabica,58300020,1995-96,1344000.0
Country 49,Robusta/Arabica,1248600000,1995-96,28022400.0
Country 50,Robusta,2167620,1995-96,67200.0
Country 51,Robusta,21090000,1995-96,940800.0
Country 52,Robusta/Arabica,284816400,1995-96,5376000.0
Country 53,Arabica,2386067999,1995-96,64677312.0
Country 54,Robusta/Arabica,1920928320,1995-96,18939984.0
Country 55,Arabica,121620000,1995-96,0.0
Country 1,Robusta/Arabica,46500000,1996-97,1344000.0
Country 2,Arabica,75180000,1996-97,2116800.0
Country 3,Arabica/Robusta,27824700000,1996-97,739200000.0
Country 4,Arabica/Robusta,3412020,1996-97,134400.0
Country 5,Arabica/Robusta,381540000,1996-97,20160000.0
Country 6,Robusta/Arabica,4920480000,1996-97,99859200.0
Country 7,Robusta,588705960,1996-97,11222400.0
Country 8,Arabica,2340000,1996-97,134400.0
Country 9,Arabica/Robusta,3608400,1996-97,134400.0
Country 10,Arabica,35100000,1996-97,1344000.0
Country 11,Arabica,402000000,1996-97,13440000.0
Country 12,Arabica,2139960,1996-97,67200.0
Country 13,Arabica,294000,1996-97,0.0
Country 14,Arabica,8595960,1996-97,268800.0
Country 15,Robusta,5360040,1996-97,201600.0
Country 16,Arabica,384006000,1996-97,12700800.0
Country 17,Arabica/Robusta,642823380,1996-97,21840000.0
Country 18,Arabica,600600000,1996-97,22176000.0
Country 19,Robusta/Arabica,2807280000,1996-97,55843200.0
Country 20,Arabica/Robusta,76425060,1996-97,1115520.0
Country 21,Arabica,991920,1996-97,67200.0
Country 22,Robusta/Arabica,143450940,1996-97,6720000.0
Country 23,Robusta,24794400,1996-97,672000.0
Country 24,Arabica,2536776384,1996-97,90249600.0
Country 25,Arabica,665335200,1996-97,25200000.0
Country 26,Robusta,410260140,1996-97,3360000.0
Country 27,Robusta/Arabica,359880000,1996-97,13440000.0
Country 28,Arabica,417242040,1996-97,15456000.0
Country 29,Robusta,0,1996-97,0.0
Country 30,Arabica,4536540000,1996-97,110006400.0
Country 31,Robusta,1123140,1996-97,55977.6
Country 32,Robusta,9970800,1996-97,201600.0
Country 33,Arabica/Robusta,590880000,1996-97,20160000.0
Country 34,Robusta,86730000,1996-97,3360000.0
Country 35,Robusta,9203040,1996-97,0.0
Country 36,Arabica,471850680,1996-97,11284492.8
Country 37,Robusta/Arabica,2093460000,1996-97,56313600.0
Country 38,Arabica,18688020,1996-97,1209600.0
Country 39,Arabica,95190000,1996-97,3360000.0
Country 40,Robusta,157980000,1996-97,0.0
Country 41,Robusta,8640000,1996-97,336000.0
Country 42,Arabica/Robusta,3189660000,1996-97,82992000.0
Country 43,Arabica,0,1996-97,0.0
Country 44,Arabica,299700300,1996-97,6408864.0
Country 45,Robusta,70740000,1996-97,2688000.0
Country 46,Arabica,122916960,1996-97,5152022.4
Country 47,Robusta,10080000,1996-97,537600.0
Country 48,Robusta/Arabica,58300020,1996-97,1344000.0
Country 49,Robusta/Arabica,1248600000,1996-97,22377600.0
Country 50,Robusta,2167620,1996-97,67200.0
Country 51,Robusta,21090000,1996-97,940800.0
Country 52,Robusta/Arabica,284816400,1996-97,5376000.0
Country 53,Arabica,2386067999,1996-97,67413696.0
Country 54,Robusta/Arabica,1920928320,1996-97,19993075.2
Country 55,Arabica,121620000,1996-97,0.0
Country 1,Robusta/Arabica,46500000,1997-98,2688000.0
Country 2,Arabica,75180000,1997-98,2184000.0
Country 3,Arabica/Robusta,27824700000,1997-98,772800000.0
Country 4,Arabica/Robusta,3412020,1997-98,134400.0
Country 5,Arabica/Robusta,381540000,1997-98,20160000.0
Country 6,Robusta/Arabica,4920480000,1997-98,102950400.0
Country 7,Robusta,588705960,1997-98,11222400.0
Country 8,Arabica,2340000,1997-98,134400.0
Country 9,Arabica/Robusta,3608400,1997-98,134400.0
Country 10,Arabica,35100000,1997-98,1344000.0
Country 11,Arabica,402000000,1997-98,13440000.0
Country 12,Arabica,2139960,1997-98,201600.0
Country 13,Arabica,294000,1997-98,0.0
Country 14,Arabica,8595960,1997-98,268800.0
Country 15,Robusta,5360040,1997-98,201600.0
Country 16,Arabica,384006000,1997-98,13104000.0
Country 17,Arabica/Robusta,642823380,1997-98,21840000.0
Country 18,Arabica,600600000,1997-98,22176000.0
Country 19,Robusta/Arabica,2807280000,1997-98,57321600.0
Country 20,Arabica/Robusta,76425060,1997-98,1142400.0
Country 21,Arabica,991920,1997-98,40320.0
Country 22,Robusta/Arabica,143450940,1997-98,6720000.0
Country 23,Robusta,24794400,1997-98,672000.0
Country 24,Arabica,2536776384,1997-98,89241600.0
Country 25,Arabica,665335200,1997-98,25200000.0
Country 26,Robusta,410260140,1997-98,3360000.0
Country 27,Robusta/Arabica,359880000,1997-98,13440000.0
Country 28,Arabica,417242040,1997-98,12880022.4
Country 29,Robusta,0,1997-98,0.0
Country 30,Arabica,4536540000,1997-98,115852800.0
Country 31,Robusta,1123140,1997-98,53760.0
Country 32,Robusta,9970800,1997-98,201600.0
Country 33,Arabica/Robusta,590880000,1997-98,20160000.0
Country 34,Robusta,86730000,1997-98,3360000.0
Country 35,Robusta,9203040,1997-98,0.0
Country 36,Arabica,471850680,1997-98,10819200.0
Country 37,Robusta/Arabica,2093460000,1997-98,56380800.0
Country 38,Arabica,18688020,1997-98,1344000.0
Country 39,Arabica,95190000,1997-98,3360000.0
Country 40,Robusta,157980000,1997-98,0.0
Country 41,Robusta,8640000,1997-98,336000.0
Country 42,Arabica/Robusta,3189660000,1997-98,80707200.0
Country 43,Arabica,0,1997-98,0.0
Country 44,Arabica,299700300,1997-98,8265600.0
Country 45,Robusta,70740000,1997-98,2688000.0
Country 46,Arabica,122916960,1997-98,5417328.0
Country 47,Robusta,10080000,1997-98,336000.0
Country 48,Robusta/Arabica,58300020,1997-98,1344000.0
Country 49,Robusta/Arabica,1248600000,1997-98,26208000.0
Country 50,Robusta,2167620,1997-98,67200.0
Country 51,Robusta,21090000,1997-98,940800.0
Country 52,Robusta/Arabica,284816400,1997-98,6799968.0
Country 53,Arabica,2386067999,1997-98,70264990.88
Country 54,Robusta/Arabica,1920928320,1997-98,21104697.6
Country 55,Arabica,121620000,1997-98,0.0
Country 1,Robusta/Arabica,46500000,1998-99,2016000.0
Country 2,Arabica,75180000,1998-99,2217600.0
Country 3,Arabica/Robusta,27824700000,1998-99,819840000.0
Country 4,Arabica/Robusta,3412020,1998-99,134400.0
Country 5,Arabica/Robusta,381540000,1998-99,20160000.0
Country 6,Robusta/Arabica,4920480000,1998-99,106041600.0
Country 7,Robusta,588705960,1998-99,11222400.0
Country 8,Arabica,2340000,1998-99,134400.0
Country 9,Arabica/Robusta,3608400,1998-99,67200.0
Country 10,Arabica,35100000,1998-99,1344000.0
Country 11,Arabica,402000000,1998-99,13440000.0
Country 12,Arabica,2139960,1998-99,201600.0
Country 13,Arabica,294000,1998-99,0.0
Country 14,Arabica,8595960,1998-99,268800.0
Country 15,Robusta,5360040,1998-99,201600.0
Country 16,Arabica,384006000,1998-99,13440000.0
Country 17,Arabica/Robusta,642823380,1998-99,21840000.0
Country 18,Arabica,600600000,1998-99,22176000.0
Country 19,Robusta/Arabica,2807280000,1998-99,54432000.0
Country 20,Arabica/Robusta,76425060,1998-99,1142400.0
Country 21,Arabica,991920,1998-99,40320.0
Country 22,Robusta/Arabica,143450940,1998-99,6720000.0
Country 23,Robusta,24794400,1998-99,1276800.0
Country 24,Arabica,2536776384,1998-99,88166400.0
Country 25,Arabica,665335200,1998-99,25200000.0
Country 26,Robusta,410260140,1998-99,3360000.0
Country 27,Robusta/Arabica,359880000,1998-99,13440000.0
Country 28,Arabica,417242040,1998-99,12880022.4
Country 29,Robusta,0,1998-99,0.0
Country 30,Arabica,4536540000,1998-99,122035200.0
Country 31,Robusta,1123140,1998-99,53760.0
Country 32,Robusta,9970800,1998-99,67200.0
Country 33,Arabica/Robusta,590880000,1998-99,20160000.0
Country 34,Robusta,86730000,1998-99,3360000.0
Country 35,Robusta,9203040,1998-99,327062.4
Country 36,Arabica,471850680,1998-99,9273600.0
Country 37,Robusta/Arabica,2093460000,1998-99,60480000.0
Country 38,Arabica,18688020,1998-99,994560.0
Country 39,Arabica,95190000,1998-99,3360000.0
Country 40,Robusta,157980000,1998-99,0.0
Country 41,Robusta,8640000,1998-99,336000.0
Country 42,Arabica/Robusta,3189660000,1998-99,74457600.0
Country 43,Arabica,0,1998-99,0.0
Country 44,Arabica,299700300,1998-99,8500800.0
Country 45,Robusta,70740000,1998-99,2688000.0
Country 46,Arabica,122916960,1998-99,4502400.0
Country 47,Robusta,10080000,1998-99,336000.0
Country 48,Robusta/Arabica,58300020,1998-99,2016000.0
Country 49,Robusta/Arabica,1248600000,1998-99,29097600.0
Country 50,Robusta,2167620,1998-99,134400.0
Country 51,Robusta,21090000,1998-99,940800.0
Country 52,Robusta/Arabica,284816400,1998-99,7795200.0
Country 53,Arabica,2386067999,1998-99,73237248.0
Country 54,Robusta/Arabica,1920928320,1998-99,22278076.8
Country 55,Arabica,121620000,1998-99,0.0
Country 1,Robusta/Arabica,46500000,1999-00,1344000.0
Country 2,Arabica,75180000,1999-00,2284800.0
Country 3,Arabica/Robusta,27824700000,1999-00,853440000.0
Country 4,Arabica/Robusta,3412020,1999-00,134400.0
Country 5,Arabica/Robusta,381540000,1999-00,15456000.0
Country 6,Robusta/Arabica,4920480000,1999-00,109267200.0
Country 7,Robusta,588705960,1999-00,3763200.0
Country 8,Arabica,2340000,1999-00,67200.0
Country 9,Arabica/Robusta,3608400,1999-00,134400.0
Country 10,Arabica,35100000,1999-00,1344000.0
Country 11,Arabica,402000000,1999-00,13440000.0
Country 12,Arabica,2139960,1999-00,134400.0
Country 13,Arabica,294000,1999-00,0.0
Country 14,Arabica,8595960,1999-00,268800.0
Country 15,Robusta,5360040,1999-00,201600.0
Country 16,Arabica,384006000,1999-00,13440000.0
Country 17,Arabica/Robusta,642823380,1999-00,21840000.0
Country 18,Arabica,600600000,1999-00,22848000.0
Country 19,Robusta/Arabica,2807280000,1999-00,57926400.0
Country 20,Arabica/Robusta,76425060,1999-00,940800.0
Country 21,Arabica,991920,1999-00,40320.0
Country 22,Robusta/Arabica,143450940,1999-00,6720000.0
Country 23,Robusta,24794400,1999-00,1411200.0
Country 24,Arabica,2536776384,1999-00,87158400.0
Country 25,Arabica,665335200,1999-00,25200000.0
Country 26,Robusta,410260140,1999-00,3360000.0
Country 27,Robusta/Arabica,359880000,1999-00,13440000.0
Country 28,Arabica,417242040,1999-00,10301760.0
Country 29,Robusta,0,1999-00,0.0
Country 30,Arabica,4536540000,1999-00,128486400.0
Country 31,Robusta,1123140,1999-00,48048.0
Country 32,Robusta,9970800,1999-00,67200.0
Country 33,Arabica/Robusta,590880000,1999-00,20160000.0
Country 34,Robusta,86730000,1999-00,3360000.0
Country 35,Robusta,9203040,1999-00,292320.0
Country 36,Arabica,471850680,1999-00,11289600.0
Country 37,Robusta/Arabica,2093460000,1999-00,62160000.0
Country 38,Arabica,18688020,1999-00,739200.0
Country 39,Arabica,95190000,1999-00,3360000.0
Country 40,Robusta,157980000,1999-00,0.0
Country 41,Robusta,8640000,1999-00,336000.0
Country 42,Arabica/Robusta,3189660000,1999-00,77280000.0
Country 43,Arabica,0,1999-00,0.0
Country 44,Arabica,299700300,1999-00,8756160.0
Country 45,Robusta,70740000,1999-00,2688000.0
Country 46,Arabica,122916960,1999-00,4502400.0
Country 47,Robusta,10080000,1999-00,336000.0
Country 48,Robusta/Arabica,58300020,1999-00,2016000.0
Country 49,Robusta/Arabica,1248600000,1999-00,29097600.0
Country 50,Robusta,2167620,1999-00,134400.0
Country 51,Robusta,21090000,1999-00,940800.0
Country 52,Robusta/Arabica,284816400,1999-00,7996800.0
Country 53,Arabica,2386067999,1999-00,76335168.0
Country 54,Robusta/Arabica,1920928320,1999-00,23520000.0
Country 55,Arabica,121620000,1999-00,0.0
Country 1,Robusta/Arabica,46500000,2000-01,1344000.0
Country 2,Arabica,75180000,2000-01,2352000.0
Country 3,Arabica/Robusta,27824700000,2000-01,887040000.0
Country 4,Arabica/Robusta,3412020,2000-01,134400.0
Country 5,Arabica/Robusta,381540000,2000-01,13440000.0
Country 6,Robusta/Arabica,4920480000,2000-01,112627200.0
Country 7,Robusta,588705960,2000-01,5987520.0
Country 8,Arabica,2340000,2000-01,67200.0
Country 9,Arabica/Robusta,3608400,2000-01,134400.0
Country 10,Arabica,35100000,2000-01,1344000.0
Country 11,Arabica,402000000,2000-01,13440000.0
Country 12,Arabica,2139960,2000-01,134400.0
Country 13,Arabica,294000,2000-01,0.0
Country 14,Arabica,8595960,2000-01,268800.0
Country 15,Robusta,5360040,2000-01,201600.0
Country 16,Arabica,384006000,2000-01,14313600.0
Country 17,Arabica/Robusta,642823380,2000-01,21840000.0
Country 18,Arabica,600600000,2000-01,22848000.0
Country 19,Robusta/Arabica,2807280000,2000-01,55104000.0
Country 20,Arabica/Robusta,76425060,2000-01,1008000.0
Country 21,Arabica,991920,2000-01,40320.0
Country 22,Robusta/Arabica,143450940,2000-01,5040000.0
Country 23,Robusta,24794400,2000-01,201600.0
Country 24,Arabica,2536776384,2000-01,86150400.0
Country 25,Arabica,665335200,2000-01,25200000.0
Country 26,Robusta,410260140,2000-01,21280022.4
Country 27,Robusta/Arabica,359880000,2000-01,13440000.0
Country 28,Arabica,417242040,2000-01,9676800.0
Country 29,Robusta,0,2000-01,0.0
Country 30,Arabica,4536540000,2000-01,135340800.0
Country 31,Robusta,1123140,2000-01,20160.0
Country 32,Robusta,9970800,2000-01,67200.0
Country 33,Arabica/Robusta,590880000,2000-01,20160000.0
Country 34,Robusta,86730000,2000-01,3360000.0
Country 35,Robusta,9203040,2000-01,126537.6
Country 36,Arabica,471850680,2000-01,15456000.0
Country 37,Robusta/Arabica,2093460000,2000-01,65520000.0
Country 38,Arabica,18688020,2000-01,810902.4
Country 39,Arabica,95190000,2000-01,3360000.0
Country 40,Robusta,157980000,2000-01,0.0
Country 41,Robusta,8640000,2000-01,336000.0
Country 42,Arabica/Robusta,3189660000,2000-01,87696000.0
Country 43,Arabica,0,2000-01,0.0
Country 44,Arabica,299700300,2000-01,11755296.0
Country 45,Robusta,70740000,2000-01,2688000.0
Country 46,Arabica,122916960,2000-01,4502400.0
Country 47,Robusta,10080000,2000-01,336000.0
Country 48,Robusta/Arabica,58300020,2000-01,2016000.0
Country 49,Robusta/Arabica,1248600000,2000-01,33600000.0
Country 50,Robusta,2167620,2000-01,134400.0
Country 51,Robusta,21090000,2000-01,940800.0
Country 52,Robusta/Arabica,284816400,2000-01,9542400.0
Country 53,Arabica,2386067999,2000-01,79564128.0
Country 54,Robusta/Arabica,1920928320,2000-01,26989200.0
Country 55,Arabica,121620000,2000-01,0.0
Country 1,Robusta/Arabica,46500000,2001-02,1344000.0
Country 2,Arabica,75180000,2001-02,2452800.0
Country 3,Arabica/Robusta,27824700000,2001-02,913248000.0
Country 4,Arabica/Robusta,3412020,2001-02,134400.0
Country 5,Arabica/Robusta,381540000,2001-02,13440000.0
Country 6,Robusta/Arabica,4920480000,2001-02,134400000.0
Country 7,Robusta,588705960,2001-02,8601600.0
Country 8,Arabica,2340000,2001-02,67200.0
Country 9,Arabica/Robusta,3608400,2001-02,134400.0
Country 10,Arabica,35100000,2001-02,1344000.0
Country 11,Arabica,402000000,2001-02,13440000.0
Country 12,Arabica,2139960,2001-02,134400.0
Country 13,Arabica,294000,2001-02,0.0
Country 14,Arabica,8595960,2001-02,268800.0
Country 15,Robusta,5360040,2001-02,201600.0
Country 16,Arabica,384006000,2001-02,14784000.0
Country 17,Arabica/Robusta,642823380,2001-02,22861305.6
Country 18,Arabica,600600000,2001-02,22848000.0
Country 19,Robusta/Arabica,2807280000,2001-02,55171200.0
Country 20,Arabica/Robusta,76425060,2001-02,1008000.0
Country 21,Arabica,991920,2001-02,40320.0
Country 22,Robusta/Arabica,143450940,2001-02,4636800.0
Country 23,Robusta,24794400,2001-02,201600.0
Country 24,Arabica,2536776384,2001-02,85142400.0
Country 25,Arabica,665335200,2001-02,25200000.0
Country 26,Robusta,410260140,2001-02,21280022.4
Country 27,Robusta/Arabica,359880000,2001-02,13440000.0
Country 28,Arabica,417242040,2001-02,10301760.0
Country 29,Robusta,0,2001-02,0.0
Country 30,Arabica,4536540000,2001-02,142531200.0
Country 31,Robusta,1123140,2001-02,20160.0
Country 32,Robusta,9970800,2001-02,67200.0
Country 33,Arabica/Robusta,590880000,2001-02,20160000.0
Country 34,Robusta,86730000,2001-02,3360000.0
Country 35,Robusta,9203040,2001-02,280022.4
Country 36,Arabica,471850680,2001-02,13440000.0
Country 37,Robusta/Arabica,2093460000,2001-02,71702400.0
Country 38,Arabica,18688020,2001-02,672000.0
Country 39,Arabica,95190000,2001-02,3360000.0
Country 40,Robusta,157980000,2001-02,0.0
Country 41,Robusta,8640000,2001-02,336000.0
Country 42,Arabica/Robusta,3189660000,2001-02,100800000.0
Country 43,Arabica,0,2001-02,0.0
Country 44,Arabica,299700300,2001-02,11916105.6
Country 45,Robusta,70740000,2001-02,2688000.0
Country 46,Arabica,122916960,2001-02,4502400.0
Country 47,Robusta,10080000,2001-02,336000.0
Country 48,Robusta/Arabica,58300020,2001-02,2016000.0
Country 49,Robusta/Arabica,1248600000,2001-02,33600000.0
Country 50,Robusta,2167620,2001-02,134400.0
Country 51,Robusta,21090000,2001-02,940800.0
Country 52,Robusta/Arabica,284816400,2001-02,9475200.0
Country 53,Arabica,2386067999,2001-02,82929504.0
Country 54,Robusta/Arabica,1920928320,2001-02,30970128.0
Country 55,Arabica,121620000,2001-02,0.0
Country 1,Robusta/Arabica,46500000,2002-03,1344000.0
Country 2,Arabica,75180000,2002-03,2520000.0
Country 3,Arabica/Robusta,27824700000,2002-03,924000000.0
Country 4,Arabica/Robusta,3412020,2002-03,134400.0
Country 5,Arabica/Robusta,381540000,2002-03,10080000.0
Country 6,Robusta/Arabica,4920480000,2002-03,119548800.0
Country 7,Robusta,588705960,2002-03,14582400.0
Country 8,Arabica,2340000,2002-03,67200.0
Country 9,Arabica/Robusta,3608400,2002-03,134400.0
Country 10,Arabica,35100000,2002-03,1344000.0
Country 11,Arabica,402000000,2002-03,14784000.0
Country 12,Arabica,2139960,2002-03,22377.6
Country 13,Arabica,294000,2002-03,0.0
Country 14,Arabica,8595960,2002-03,268800.0
Country 15,Robusta,5360040,2002-03,201600.0
Country 16,Arabica,384006000,2002-03,15052800.0
Country 17,Arabica/Robusta,642823380,2002-03,22861305.6
Country 18,Arabica,600600000,2002-03,22848000.0
Country 19,Robusta/Arabica,2807280000,2002-03,55708800.0
Country 20,Arabica/Robusta,76425060,2002-03,1008000.0
Country 21,Arabica,991920,2002-03,40320.0
Country 22,Robusta/Arabica,143450940,2002-03,4636800.0
Country 23,Robusta,24794400,2002-03,254486.4
Country 24,Arabica,2536776384,2002-03,84134400.0
Country 25,Arabica,665335200,2002-03,25200000.0
Country 26,Robusta,410260140,2002-03,21280022.4
Country 27,Robusta/Arabica,359880000,2002-03,13440000.0
Country 28,Arabica,417242040,2002-03,10301760.0
Country 29,Robusta,0,2002-03,0.0
Country 30,Arabica,4536540000,2002-03,150124800.0
Country 31,Robusta,1123140,2002-03,20160.0
Country 32,Robusta,9970800,2002-03,67200.0
Country 33,Arabica/Robusta,590880000,2002-03,20160000.0
Country 34,Robusta,86730000,2002-03,3360000.0
Country 35,Robusta,9203040,2002-03,292320.0
Country 36,Arabica,471850680,2002-03,13440000.0
Country 37,Robusta/Arabica,2093460000,2002-03,76137600.0
Country 38,Arabica,18688020,2002-03,604800.0
Country 39,Arabica,95190000,2002-03,3360000.0
Country 40,Robusta,157980000,2002-03,10617600.0
Country 41,Robusta,8640000,2002-03,336000.0
Country 42,Arabica/Robusta,3189660000,2002-03,100800000.0
Country 43,Arabica,0,2002-03,0.0
Country 44,Arabica,299700300,2002-03,12070732.8
Country 45,Robusta,70740000,2002-03,2688000.0
Country 46,Arabica,122916960,2002-03,4502400.0
Country 47,Robusta,10080000,2002-03,336000.0
Country 48,Robusta/Arabica,58300020,2002-03,2016000.0
Country 49,Robusta/Arabica,1248600000,2002-03,33600000.0
Country 50,Robusta,2167620,2002-03,134400.0
Country 51,Robusta,21090000,2002-03,940800.0
Country 52,Robusta/Arabica,284816400,2002-03,9408000.0
Country 53,Arabica,2386067999,2002-03,86437344.0
Country 54,Robusta/Arabica,1920928320,2002-03,34866182.4
Country 55,Arabica,121620000,2002-03,0.0
Country 1,Robusta/Arabica,46500000,2003-04,1008000.0
Country 2,Arabica,75180000,2003-04,2587200.0
Country 3,Arabica/Robusta,27824700000,2003-04,954240000.0
Country 4,Arabica/Robusta,3412020,2003-04,134400.0
Country 5,Arabica/Robusta,381540000,2003-04,10080000.0
Country 6,Robusta/Arabica,4920480000,2003-04,123177600.0
Country 7,Robusta,588705960,2003-04,22377600.0
Country 8,Arabica,2340000,2003-04,67200.0
Country 9,Arabica/Robusta,3608400,2003-04,134400.0
Country 10,Arabica,35100000,2003-04,1344000.0
Country 11,Arabica,402000000,2003-04,14784000.0
Country 12,Arabica,2139960,2003-04,22377.6
Country 13,Arabica,294000,2003-04,0.0
Country 14,Arabica,8595960,2003-04,268800.0
Country 15,Robusta,5360040,2003-04,201600.0
Country 16,Arabica,384006000,2003-04,15052800.0
Country 17,Arabica/Robusta,642823380,2003-04,22848000.0
Country 18,Arabica,600600000,2003-04,22848000.0
Country 19,Robusta/Arabica,2807280000,2003-04,61622400.0
Country 20,Arabica/Robusta,76425060,2003-04,1814400.0
Country 21,Arabica,991920,2003-04,40320.0
Country 22,Robusta/Arabica,143450940,2003-04,4636800.0
Country 23,Robusta,24794400,2003-04,254486.4
Country 24,Arabica,2536776384,2003-04,83126400.0
Country 25,Arabica,665335200,2003-04,25200000.0
Country 26,Robusta,410260140,2003-04,21280022.4
Country 27,Robusta/Arabica,359880000,2003-04,13440000.0
Country 28,Arabica,417242040,2003-04,10301760.0
Country 29,Robusta,0,2003-04,0.0
Country 30,Arabica,4536540000,2003-04,158121600.0
Country 31,Robusta,1123140,2003-04,20160.0
Country 32,Robusta,9970800,2003-04,67200.0
Country 33,Arabica/Robusta,590880000,2003-04,20160000.0
Country 34,Robusta,86730000,2003-04,3360000.0
Country 35,Robusta,9203040,2003-04,319200.0
Country 36,Arabica,471850680,2003-04,13440000.0
Country 37,Robusta/Arabica,2093460000,2003-04,78422400.0
Country 38,Arabica,18688020,2003-04,604800.0
Country 39,Arabica,95190000,2003-04,3360000.0
Country 40,Robusta,157980000,2003-04,6921600.0
Country 41,Robusta,8640000,2003-04,336000.0
Country 42,Arabica/Robusta,3189660000,2003-04,100800000.0
Country 43,Arabica,0,2003-04,0.0
Country 44,Arabica,299700300,2003-04,12224688.0
Country 45,Robusta,70740000,2003-04,2688000.0
Country 46,Arabica,122916960,2003-04,4502400.0
Country 47,Robusta,10080000,2003-04,336000.0
Country 48,Robusta/Arabica,58300020,2003-04,2016000.0
Country 49,Robusta/Arabica,1248600000,2003-04,33600000.0
Country 50,Robusta,2167620,2003-04,134400.0
Country 51,Robusta,21090000,2003-04,940800.0
Country 52,Robusta/Arabica,284816400,2003-04,8803200.0
Country 53,Arabica,2386067999,2003-04,90093696.0
Country 54,Robusta/Arabica,1920928320,2003-04,40780051.2
Country 55,Arabica,121620000,2003-04,9811200.0
Country 1,Robusta/Arabica,46500000,2004-05,1008000.0
Country 2,Arabica,75180000,2004-05,3024000.0
Country 3,Arabica/Robusta,27824700000,2004-05,1004371200.0
Country 4,Arabica/Robusta,3412020,2004-05,134400.0
Country 5,Arabica/Robusta,381540000,2004-05,10080000.0
Country 6,Robusta/Arabica,4920480000,2004-05,134400000.0
Country 7,Robusta,588705960,2004-05,31382400.0
Country 8,Arabica,2340000,2004-05,67200.0
Country 9,Arabica/Robusta,3608400,2004-05,134400.0
Country 10,Arabica,35100000,2004-05,1344000.0
Country 11,Arabica,402000000,2004-05,14784000.0
Country 12,Arabica,2139960,2004-05,67200.0
Country 13,Arabica,294000,2004-05,0.0
Country 14,Arabica,8595960,2004-05,268800.0
Country 15,Robusta,5360040,2004-05,201600.0
Country 16,Arabica,384006000,2004-05,15052800.0
Country 17,Arabica/Robusta,642823380,2004-05,25401465.6
Country 18,Arabica,600600000,2004-05,22848000.0
Country 19,Robusta/Arabica,2807280000,2004-05,68544000.0
Country 20,Arabica/Robusta,76425060,2004-05,2486400.0
Country 21,Arabica,991920,2004-05,40320.0
Country 22,Robusta/Arabica,143450940,2004-05,4636800.0
Country 23,Robusta,24794400,2004-05,201600.0
Country 24,Arabica,2536776384,2004-05,82185600.0
Country 25,Arabica,665335200,2004-05,25200000.0
Country 26,Robusta,410260140,2004-05,21280022.4
Country 27,Robusta/Arabica,359880000,2004-05,13440000.0
Country 28,Arabica,417242040,2004-05,11592000.0
Country 29,Robusta,0,2004-05,0.0
Country 30,Arabica,4536540000,2004-05,166521600.0
Country 31,Robusta,1123140,2004-05,20160.0
Country 32,Robusta,9970800,2004-05,106848.0
Country 33,Arabica/Robusta,590880000,2004-05,20160000.0
Country 34,Robusta,86730000,2004-05,3360000.0
Country 35,Robusta,9203040,2004-05,369600.0
Country 36,Arabica,471850680,2004-05,15456000.0
Country 37,Robusta/Arabica,2093460000,2004-05,80774400.0
Country 38,Arabica,18688020,2004-05,604800.0
Country 39,Arabica,95190000,2004-05,3360000.0
Country 40,Robusta,157980000,2004-05,9072000.0
Country 41,Robusta,8640000,2004-05,336000.0
Country 42,Arabica/Robusta,3189660000,2004-05,100800000.0
Country 43,Arabica,0,2004-05,0.0
Country 44,Arabica,299700300,2004-05,12383481.6
Country 45,Robusta,70740000,2004-05,2688000.0
Country 46,Arabica,122916960,2004-05,4502400.0
Country 47,Robusta,10080000,2004-05,336000.0
Country 48,Robusta/Arabica,58300020,2004-05,2016000.0
Country 49,Robusta/Arabica,1248600000,2004-05,33600000.0
Country 50,Robusta,2167620,2004-05,134400.0
Country 51,Robusta,21090000,2004-05,940800.0
Country 52,Robusta/Arabica,284816400,2004-05,9408000.0
Country 53,Arabica,2386067999,2004-05,93904608.0
Country 54,Robusta/Arabica,1920928320,2004-05,46795123.2
Country 55,Arabica,121620000,2004-05,9139200.0
Country 1,Robusta/Arabica,46500000,2005-06,1008000.0
Country 2,Arabica,75180000,2005-06,2755200.0
Country 3,Arabica/Robusta,27824700000,2005-06,1044153600.0
Country 4,Arabica/Robusta,3412020,2005-06,128083.2
Country 5,Arabica/Robusta,381540000,2005-06,10080000.0
Country 6,Robusta/Arabica,4920480000,2005-06,168000000.0
Country 7,Robusta,588705960,2005-06,31382400.0
Country 8,Arabica,2340000,2005-06,67200.0
Country 9,Arabica/Robusta,3608400,2005-06,134400.0
Country 10,Arabica,35100000,2005-06,1344000.0
Country 11,Arabica,402000000,2005-06,14784000.0
Country 12,Arabica,2139960,2005-06,67200.0
Country 13,Arabica,294000,2005-06,0.0
Country 14,Arabica,8595960,2005-06,268800.0
Country 15,Robusta,5360040,2005-06,201600.0
Country 16,Arabica,384006000,2005-06,15052800.0
Country 17,Arabica/Robusta,642823380,2005-06,25401465.6
Country 18,Arabica,600600000,2005-06,22848000.0
Country 19,Robusta/Arabica,2807280000,2005-06,69888000.0
Country 20,Arabica/Robusta,76425060,2005-06,3158400.0
Country 21,Arabica,991920,2005-06,40320.0
Country 22,Robusta/Arabica,143450940,2005-06,4636800.0
Country 23,Robusta,24794400,2005-06,201600.0
Country 24,Arabica,2536776384,2005-06,81244800.0
Country 25,Arabica,665335200,2005-06,25200000.0
Country 26,Robusta,410260140,2005-06,21280022.4
Country 27,Robusta/Arabica,359880000,2005-06,13440000.0
Country 28,Arabica,417242040,2005-06,15059520.0
Country 29,Robusta,0,2005-06,0.0
Country 30,Arabica,4536540000,2005-06,175324800.0
Country 31,Robusta,1123140,2005-06,20160.0
Country 32,Robusta,9970800,2005-06,106848.0
Country 33,Arabica/Robusta,590880000,2005-06,20160000.0
Country 34,Robusta,86730000,2005-06,3360000.0
Country 35,Robusta,9203040,2005-06,376320.0
Country 36,Arabica,471850680,2005-06,15456000.0
Country 37,Robusta/Arabica,2093460000,2005-06,83193600.0
Country 38,Arabica,18688020,2005-06,604800.0
Country 39,Arabica,95190000,2005-06,3360000.0
Country 40,Robusta,157980000,2005-06,9408000.0
Country 41,Robusta,8640000,2005-06,336000.0
Country 42,Arabica/Robusta,3189660000,2005-06,115920000.0
Country 43,Arabica,0,2005-06,0.0
Country 44,Arabica,299700300,2005-06,12547516.8
Country 45,Robusta,70740000,2005-06,2688000.0
Country 46,Arabica,122916960,2005-06,4502400.0
Country 47,Robusta,10080000,2005-06,336000.0
Country 48,Robusta/Arabica,58300020,2005-06,2016000.0
Country 49,Robusta/Arabica,1248600000,2005-06,33600000.0
Country 50,Robusta,2167620,2005-06,134400.0
Country 51,Robusta,21090000,2005-06,940800.0
Country 52,Robusta/Arabica,284816400,2005-06,10080000.0
Country 53,Arabica,2386067999,2005-06,97876800.0
Country 54,Robusta/Arabica,1920928320,2005-06,53760000.0
Country 55,Arabica,121620000,2005-06,9273600.0
Country 1,Robusta/Arabica,46500000,2006-07,2016000.0
Country 2,Arabica,75180000,2006-07,2822400.0
Country 3,Arabica/Robusta,27824700000,2006-07,1097443200.0
Country 4,Arabica/Robusta,3412020,2006-07,104832.0
Country 5,Arabica/Robusta,381540000,2006-07,10080000.0
Country 6,Robusta/Arabica,4920480000,2006-07,190377600.0
Country 7,Robusta,588705960,2006-07,31382400.0
Country 8,Arabica,2340000,2006-07,67200.0
Country 9,Arabica/Robusta,3608400,2006-07,134400.0
Country 10,Arabica,35100000,2006-07,1344000.0
Country 11,Arabica,402000000,2006-07,14784000.0
Country 12,Arabica,2139960,2006-07,67200.0
Country 13,Arabica,294000,2006-07,0.0
Country 14,Arabica,8595960,2006-07,268800.0
Country 15,Robusta,5360040,2006-07,201600.0
Country 16,Arabica,384006000,2006-07,15052800.0
Country 17,Arabica/Robusta,642823380,2006-07,25401465.6
Country 18,Arabica,600600000,2006-07,22848000.0
Country 19,Robusta/Arabica,2807280000,2006-07,71232000.0
Country 20,Arabica/Robusta,76425060,2006-07,3158400.0
Country 21,Arabica,991920,2006-07,40320.0
Country 22,Robusta/Arabica,143450940,2006-07,4636800.0
Country 23,Robusta,24794400,2006-07,201600.0
Country 24,Arabica,2536776384,2006-07,80279337.6
Country 25,Arabica,665335200,2006-07,25200000.0
Country 26,Robusta,410260140,2006-07,21280022.4
Country 27,Robusta/Arabica,359880000,2006-07,13440000.0
Country 28,Arabica,417242040,2006-07,17055360.0
Country 29,Robusta,0,2006-07,0.0
Country 30,Arabica,4536540000,2006-07,184665600.0
Country 31,Robusta,1123140,2006-07,20160.0
Country 32,Robusta,9970800,2006-07,67200.0
Country 33,Arabica/Robusta,590880000,2006-07,20160000.0
Country 34,Robusta,86730000,2006-07,3360000.0
Country 35,Robusta,9203040,2006-07,384182.4
Country 36,Arabica,471850680,2006-07,15456000.0
Country 37,Robusta/Arabica,2093460000,2006-07,85680000.0
Country 38,Arabica,18688020,2006-07,604800.0
Country 39,Arabica,95190000,2006-07,3360000.0
Country 40,Robusta,157980000,2006-07,9408000.0
Country 41,Robusta,8640000,2006-07,336000.0
Country 42,Arabica/Robusta,3189660000,2006-07,134400000.0
Country 43,Arabica,0,2006-07,0.0
Country 44,Arabica,299700300,2006-07,12713232.0
Country 45,Robusta,70740000,2006-07,2688000.0
Country 46,Arabica,122916960,2006-07,4502400.0
Country 47,Robusta,10080000,2006-07,336000.0
Country 48,Robusta/Arabica,58300020,2006-07,2016000.0
Country 49,Robusta/Arabica,1248600000,2006-07,33600000.0
Country 50,Robusta,2167620,2006-07,134400.0
Country 51,Robusta,21090000,2006-07,739200.0
Country 52,Robusta/Arabica,284816400,2006-07,11760000.0
Country 53,Arabica,2386067999,2006-07,102016992.0
Country 54,Robusta/Arabica,1920928320,2006-07,61622400.0
Country 55,Arabica,121620000,2006-07,9273600.0
Country 1,Robusta/Arabica,46500000,2007-08,2016000.0
Country 2,Arabica,75180000,2007-08,2923200.0
Country 3,Arabica/Robusta,27824700000,2007-08,1149792000.0
Country 4,Arabica/Robusta,3412020,2007-08,91190.4
Country 5,Arabica/Robusta,381540000,2007-08,10080000.0
Country 6,Robusta/Arabica,4920480000,2007-08,223977600.0
Country 7,Robusta,588705960,2007-08,31382400.0
Country 8,Arabica,2340000,2007-08,67200.0
Country 9,Arabica/Robusta,3608400,2007-08,134400.0
Country 10,Arabica,35100000,2007-08,1344000.0
Country 11,Arabica,402000000,2007-08,14784000.0
Country 12,Arabica,2139960,2007-08,67200.0
Country 13,Arabica,294000,2007-08,0.0
Country 14,Arabica,8595960,2007-08,268800.0
Country 15,Robusta,5360040,2007-08,201600.0
Country 16,Arabica,384006000,2007-08,15052800.0
Country 17,Arabica/Robusta,642823380,2007-08,25401600.0
Country 18,Arabica,600600000,2007-08,22848000.0
Country 19,Robusta/Arabica,2807280000,2007-08,71232000.0
Country 20,Arabica/Robusta,76425060,2007-08,3158400.0
Country 21,Arabica,991920,2007-08,67200.0
Country 22,Robusta/Arabica,143450940,2007-08,4636800.0
Country 23,Robusta,24794400,2007-08,223977.6
Country 24,Arabica,2536776384,2007-08,86078025.6
Country 25,Arabica,665335200,2007-08,25200000.0
Country 26,Robusta,410260140,2007-08,21302400.0
Country 27,Robusta/Arabica,359880000,2007-08,13440000.0
Country 28,Arabica,417242040,2007-08,16833600.0
Country 29,Robusta,0,2007-08,0.0
Country 30,Arabica,4536540000,2007-08,194476800.0
Country 31,Robusta,1123140,2007-08,20160.0
Country 32,Robusta,9970800,2007-08,134400.0
Country 33,Arabica/Robusta,590880000,2007-08,20160000.0
Country 34,Robusta,86730000,2007-08,3360000.0
Country 35,Robusta,9203040,2007-08,470400.0
Country 36,Arabica,471850680,2007-08,16464000.0
Country 37,Robusta/Arabica,2093460000,2007-08,90720000.0
Country 38,Arabica,18688020,2007-08,604800.0
Country 39,Arabica,95190000,2007-08,3360000.0
Country 40,Robusta,157980000,2007-08,9408000.0
Country 41,Robusta,8640000,2007-08,336000.0
Country 42,Arabica/Robusta,3189660000,2007-08,147840000.0
Country 43,Arabica,0,2007-08,0.0
Country 44,Arabica,299700300,2007-08,12878544.0
Country 45,Robusta,70740000,2007-08,2688000.0
Country 46,Arabica,122916960,2007-08,4502400.0
Country 47,Robusta,10080000,2007-08,336000.0
Country 48,Robusta/Arabica,58300020,2007-08,2016000.0
Country 49,Robusta/Arabica,1248600000,2007-08,36960000.0
Country 50,Robusta,2167620,2007-08,134400.0
Country 51,Robusta,21090000,2007-08,739200.0
Country 52,Robusta/Arabica,284816400,2007-08,12112800.0
Country 53,Arabica,2386067999,2007-08,106332576.0
Country 54,Robusta/Arabica,1920928320,2007-08,63033600.0
Country 55,Arabica,121620000,2007-08,8736000.0
Country 1,Robusta/Arabica,46500000,2008-09,2016000.0
Country 2,Arabica,75180000,2008-09,3024000.0
Country 3,Arabica/Robusta,27824700000,2008-09,1186752000.0
Country 4,Arabica/Robusta,3412020,2008-09,96432.0
Country 5,Arabica/Robusta,381540000,2008-09,10080000.0
Country 6,Robusta/Arabica,4920480000,2008-09,223977600.0
Country 7,Robusta,588705960,2008-09,31382400.0
Country 8,Arabica,2340000,2008-09,67200.0
Country 9,Arabica/Robusta,3608400,2008-09,134400.0
Country 10,Arabica,35100000,2008-09,1344000.0
Country 11,Arabica,402000000,2008-09,16800000.0
Country 12,Arabica,2139960,2008-09,67200.0
Country 13,Arabica,294000,2008-09,0.0
Country 14,Arabica,8595960,2008-09,268800.0
Country 15,Robusta,5360040,2008-09,201600.0
Country 16,Arabica,384006000,2008-09,14784000.0
Country 17,Arabica/Robusta,642823380,2008-09,25401600.0
Country 18,Arabica,600600000,2008-09,22848000.0
Country 19,Robusta/Arabica,2807280000,2008-09,115584000.0
Country 20,Arabica/Robusta,76425060,2008-09,3158400.0
Country 21,Arabica,991920,2008-09,67200.0
Country 22,Robusta/Arabica,143450940,2008-09,4636800.0
Country 23,Robusta,24794400,2008-09,336000.0
Country 24,Arabica,2536776384,2008-09,86721600.0
Country 25,Arabica,665335200,2008-09,18000124.8
Country 26,Robusta,410260140,2008-09,21302400.0
Country 27,Robusta/Arabica,359880000,2008-09,13440000.0
Country 28,Arabica,417242040,2008-09,16416960.0
Country 29,Robusta,0,2008-09,0.0
Country 30,Arabica,4536540000,2008-09,204825600.0
Country 31,Robusta,1123140,2008-09,18480.0
Country 32,Robusta,9970800,2008-09,134400.0
Country 33,Arabica/Robusta,590880000,2008-09,22512000.0
Country 34,Robusta,86730000,2008-09,3360000.0
Country 35,Robusta,9203040,2008-09,568982.4
Country 36,Arabica,471850680,2008-09,18031977.6
Country 37,Robusta/Arabica,2093460000,2008-09,85680000.0
Country 38,Arabica,18688020,2008-09,604800.0
Country 39,Arabica,95190000,2008-09,3360000.0
Country 40,Robusta,157980000,2008-09,10080000.0
Country 41,Robusta,8640000,2008-09,336000.0
Country 42,Arabica/Robusta,3189660000,2008-09,147840000.0
Country 43,Arabica,0,2008-09,0.0
Country 44,Arabica,299700300,2008-09,13046678.4
Country 45,Robusta,70740000,2008-09,2688000.0
Country 46,Arabica,122916960,2008-09,4502400.0
Country 47,Robusta,10080000,2008-09,336000.0
Country 48,Robusta/Arabica,58300020,2008-09,2016000.0
Country 49,Robusta/Arabica,1248600000,2008-09,40320000.0
Country 50,Robusta,2167620,2008-09,134400.0
Country 51,Robusta,21090000,2008-09,739200.0
Country 52,Robusta/Arabica,284816400,2008-09,12432000.0
Country 53,Arabica,2386067999,2008-09,110830272.0
Country 54,Robusta/Arabica,1920928320,2008-09,68611200.0
Country 55,Arabica,121620000,2008-09,8736000.0
Country 1,Robusta/Arabica,46500000,2009-10,2016000.0
Country 2,Arabica,75180000,2009-10,3091200.0
Country 3,Arabica/Robusta,27824700000,2009-10,1235808000.0
Country 4,Arabica/Robusta,3412020,2009-10,94012.8
Country 5,Arabica/Robusta,381540000,2009-10,10080000.0
Country 6,Robusta/Arabica,4920480000,2009-10,223977600.0
Country 7,Robusta,588705960,2009-10,31382400.0
Country 8,Arabica,2340000,2009-10,67200.0
Country 9,Arabica/Robusta,3608400,2009-10,134400.0
Country 10,Arabica,35100000,2009-10,1344000.0
Country 11,Arabica,402000000,2009-10,16800000.0
Country 12,Arabica,2139960,2009-10,67200.0
Country 13,Arabica,294000,2009-10,0.0
Country 14,Arabica,8595960,2009-10,268800.0
Country 15,Robusta,5360040,2009-10,201600.0
Country 16,Arabica,384006000,2009-10,14784000.0
Country 17,Arabica/Robusta,642823380,2009-10,25401600.0
Country 18,Arabica,600600000,2009-10,22848000.0
Country 19,Robusta/Arabica,2807280000,2009-10,122304000.0
Country 20,Arabica/Robusta,76425060,2009-10,3158400.0
Country 21,Arabica,991920,2009-10,0.0
Country 22,Robusta/Arabica,143450940,2009-10,4636800.0
Country 23,Robusta,24794400,2009-10,559977.6
Country 24,Arabica,2536776384,2009-10,85644988.8
Country 25,Arabica,665335200,2009-10,19853635.2
Country 26,Robusta,410260140,2009-10,21302400.0
Country 27,Robusta/Arabica,359880000,2009-10,13440000.0
Country 28,Arabica,417242040,2009-10,18029760.0
Country 29,Robusta,0,2009-10,0.0
Country 30,Arabica,4536540000,2009-10,208924800.0
Country 31,Robusta,1123140,2009-10,16800.0
Country 32,Robusta,9970800,2009-10,134400.0
Country 33,Arabica/Robusta,590880000,2009-10,21504000.0
Country 34,Robusta,86730000,2009-10,3360000.0
Country 35,Robusta,9203040,2009-10,553257.6
Country 36,Arabica,471850680,2009-10,20608022.4
Country 37,Robusta/Arabica,2093460000,2009-10,89040000.0
Country 38,Arabica,18688020,2009-10,604800.0
Country 39,Arabica,95190000,2009-10,3360000.0
Country 40,Robusta,157980000,2009-10,10080000.0
Country 41,Robusta,8640000,2009-10,336000.0
Country 42,Arabica/Robusta,3189660000,2009-10,147840000.0
Country 43,Arabica,0,2009-10,0.0
Country 44,Arabica,299700300,2009-10,13212998.4
Country 45,Robusta,70740000,2009-10,2688000.0
Country 46,Arabica,122916960,2009-10,4502400.0
Country 47,Robusta,10080000,2009-10,336000.0
Country 48,Robusta/Arabica,58300020,2009-10,2016000.0
Country 49,Robusta/Arabica,1248600000,2009-10,47040000.0
Country 50,Robusta,2167620,2009-10,134400.0
Country 51,Robusta,21090000,2009-10,739200.0
Country 52,Robusta/Arabica,284816400,2009-10,12680640.0
Country 53,Arabica,2386067999,2009-10,110880000.0
Country 54,Robusta/Arabica,1920928320,2009-10,81177600.0
Country 55,Arabica,121620000,2009-10,8736000.0
Country 1,Robusta/Arabica,46500000,2010-11,2016000.0
Country 2,Arabica,75180000,2010-11,3192000.0
Country 3,Arabica/Robusta,27824700000,2010-11,1285670400.0
Country 4,Arabica/Robusta,3412020,2010-11,134400.0
Country 5,Arabica/Robusta,381540000,2010-11,10080000.0
Country 6,Robusta/Arabica,4920480000,2010-11,223977600.0
Country 7,Robusta,588705960,2010-11,31382400.0
Country 8,Arabica,2340000,2010-11,67200.0
Country 9,Arabica/Robusta,3608400,2010-11,96096.0
Country 10,Arabica,35100000,2010-11,1344000.0
Country 11,Arabica,402000000,2010-11,16800000.0
Country 12,Arabica,2139960,2010-11,67200.0
Country 13,Arabica,294000,2010-11,32928.0
Country 14,Arabica,8595960,2010-11,268800.0
Country 15,Robusta,5360040,2010-11,201600.0
Country 16,Arabica,384006000,2010-11,14784000.0
Country 17,Arabica/Robusta,642823380,2010-11,25401600.0
Country 18,Arabica,600600000,2010-11,22848000.0
Country 19,Robusta/Arabica,2807280000,2010-11,142800000.0
Country 20,Arabica/Robusta,76425060,2010-11,3158400.0
Country 21,Arabica,991920,2010-11,0.0
Country 22,Robusta/Arabica,143450940,2010-11,4591977.6
Country 23,Robusta,24794400,2010-11,672000.0
Country 24,Arabica,2536776384,2010-11,88100812.8
Country 25,Arabica,665335200,2010-11,27365251.2
Country 26,Robusta,410260140,2010-11,21302400.0
Country 27,Robusta/Arabica,359880000,2010-11,13440000.0
Country 28,Arabica,417242040,2010-11,18547200.0
Country 29,Robusta,0,2010-11,0.0
Country 30,Arabica,4536540000,2010-11,213091200.0
Country 31,Robusta,1123140,2010-11,63638.4
Country 32,Robusta,9970800,2010-11,134400.0
Country 33,Arabica/Robusta,590880000,2010-11,22848000.0
Country 34,Robusta,86730000,2010-11,3360000.0
Country 35,Robusta,9203040,2010-11,571200.0
Country 36,Arabica,471850680,2010-11,22512000.0
Country 37,Robusta/Arabica,2093460000,2010-11,89040000.0
Country 38,Arabica,18688020,2010-11,604800.0
Country 39,Arabica,95190000,2010-11,3360000.0
Country 40,Robusta,157980000,2010-11,10080000.0
Country 41,Robusta,8640000,2010-11,336000.0
Country 42,Arabica/Robusta,3189660000,2010-11,158188800.0
Country 43,Arabica,0,2010-11,0.0
Country 44,Arabica,299700300,2010-11,13624464.0
Country 45,Robusta,70740000,2010-11,2688000.0
Country 46,Arabica,122916960,2010-11,4502400.0
Country 47,Robusta,10080000,2010-11,336000.0
Country 48,Robusta/Arabica,58300020,2010-11,2352000.0
Country 49,Robusta/Arabica,1248600000,2010-11,52080000.0
Country 50,Robusta,2167620,2010-11,134400.0
Country 51,Robusta,21090000,2010-11,672000.0
Country 52,Robusta/Arabica,284816400,2010-11,13708800.0
Country 53,Arabica,2386067999,2010-11,110880000.0
Country 54,Robusta/Arabica,1920928320,2010-11,106377600.0
Country 55,Arabica,121620000,2010-11,8736000.0
Country 1,Robusta/Arabica,46500000,2011-12,2016000.0
Country 2,Arabica,75180000,2011-12,3292800.0
Country 3,Arabica/Robusta,27824700000,2011-12,1325184000.0
Country 4,Arabica/Robusta,3412020,2011-12,134400.0
Country 5,Arabica/Robusta,381540000,2011-12,10080000.0
Country 6,Robusta/Arabica,4920480000,2011-12,246422400.0
Country 7,Robusta,588705960,2011-12,30240000.0
Country 8,Arabica,2340000,2011-12,67200.0
Country 9,Arabica/Robusta,3608400,2011-12,83059.2
Country 10,Arabica,35100000,2011-12,1344000.0
Country 11,Arabica,402000000,2011-12,16800000.0
Country 12,Arabica,2139960,2011-12,67200.0
Country 13,Arabica,294000,2011-12,32928.0
Country 14,Arabica,8595960,2011-12,268800.0
Country 15,Robusta,5360040,2011-12,201600.0
Country 16,Arabica,384006000,2011-12,14784000.0
Country 17,Arabica/Robusta,642823380,2011-12,25401600.0
Country 18,Arabica,600600000,2011-12,22848000.0
Country 19,Robusta/Arabica,2807280000,2011-12,146160000.0
Country 20,Arabica/Robusta,76425060,2011-12,3961440.0
Country 21,Arabica,991920,2011-12,0.0
Country 22,Robusta/Arabica,143450940,2011-12,4705142.4
Country 23,Robusta,24794400,2011-12,895977.6
Country 24,Arabica,2536776384,2011-12,96436368.0
Country 25,Arabica,665335200,2011-12,25595673.6
Country 26,Robusta,410260140,2011-12,21302400.0
Country 27,Robusta/Arabica,359880000,2011-12,13440000.0
Country 28,Arabica,417242040,2011-12,18372480.0
Country 29,Robusta,0,2011-12,0.0
Country 30,Arabica,4536540000,2011-12,217392000.0
Country 31,Robusta,1123140,2011-12,69350.4
Country 32,Robusta,9970800,2011-12,134400.0
Country 33,Arabica/Robusta,590880000,2011-12,23520000.0
Country 34,Robusta,86730000,2011-12,3360000.0
Country 35,Robusta,9203040,2011-12,577920.0
Country 36,Arabica,471850680,2011-12,22848000.0
Country 37,Robusta/Arabica,2093460000,2011-12,89040000.0
Country 38,Arabica,18688020,2011-12,604800.0
Country 39,Arabica,95190000,2011-12,3360000.0
Country 40,Robusta,157980000,2011-12,10080000.0
Country 41,Robusta,8640000,2011-12,336000.0
Country 42,Arabica/Robusta,3189660000,2011-12,158188800.0
Country 43,Arabica,0,2011-12,0.0
Country 44,Arabica,299700300,2011-12,13793539.2
Country 45,Robusta,70740000,2011-12,2688000.0
Country 46,Arabica,122916960,2011-12,4502400.0
Country 47,Robusta,10080000,2011-12,336000.0
Country 48,Robusta/Arabica,58300020,2011-12,2352000.0
Country 49,Robusta/Arabica,1248600000,2011-12,73920000.0
Country 50,Robusta,2167620,2011-12,14112.0
Country 51,Robusta,21090000,2011-12,672000.0
Country 52,Robusta/Arabica,284816400,2011-12,14112000.0
Country 53,Arabica,2386067999,2011-12,110880000.0
Country 54,Robusta/Arabica,1920928320,2011-12,110880000.0
Country 55,Arabica,121620000,2011-12,8736000.0
Country 1,Robusta/Arabica,46500000,2012-13,2016000.0
Country 2,Arabica,75180000,2012-13,3393600.0
Country 3,Arabica/Robusta,27824700000,2012-13,1366176000.0
Country 4,Arabica/Robusta,3412020,2012-13,134400.0
Country 5,Arabica/Robusta,381540000,2012-13,10080000.0
Country 6,Robusta/Arabica,4920480000,2012-13,262080000.0
Country 7,Robusta,588705960,2012-13,28896000.0
Country 8,Arabica,2340000,2012-13,67200.0
Country 9,Arabica/Robusta,3608400,2012-13,114979.2
Country 10,Arabica,35100000,2012-13,1344000.0
Country 11,Arabica,402000000,2012-13,16800000.0
Country 12,Arabica,2139960,2012-13,67200.0
Country 13,Arabica,294000,2012-13,32928.0
Country 14,Arabica,8595960,2012-13,268800.0
Country 15,Robusta,5360040,2012-13,201600.0
Country 16,Arabica,384006000,2012-13,14784000.0
Country 17,Arabica/Robusta,642823380,2012-13,25401600.0
Country 18,Arabica,600600000,2012-13,22848000.0
Country 19,Robusta/Arabica,2807280000,2012-13,156240000.0
Country 20,Arabica/Robusta,76425060,2012-13,4818240.0
Country 21,Arabica,991920,2012-13,0.0
Country 22,Robusta/Arabica,143450940,2012-13,4820457.6
Country 23,Robusta,24794400,2012-13,1120022.4
Country 24,Arabica,2536776384,2012-13,101757062.4
Country 25,Arabica,665335200,2012-13,28432118.4
Country 26,Robusta,410260140,2012-13,21302400.0
Country 27,Robusta/Arabica,359880000,2012-13,13440000.0
Country 28,Arabica,417242040,2012-13,18587520.0
Country 29,Robusta,0,2012-13,0.0
Country 30,Arabica,4536540000,2012-13,221692800.0
Country 31,Robusta,1123140,2012-13,64982.4
Country 32,Robusta,9970800,2012-13,134400.0
Country 33,Arabica/Robusta,590880000,2012-13,24192000.0
Country 34,Robusta,86730000,2012-13,3360000.0
Country 35,Robusta,9203040,2012-13,584640.0
Country 36,Arabica,471850680,2012-13,23184000.0
Country 37,Robusta/Arabica,2093460000,2012-13,92400000.0
Country 38,Arabica,18688020,2012-13,604800.0
Country 39,Arabica,95190000,2012-13,3360000.0
Country 40,Robusta,157980000,2012-13,10080000.0
Country 41,Robusta,8640000,2012-13,336000.0
Country 42,Arabica/Robusta,3189660000,2012-13,158188800.0
Country 43,Arabica,0,2012-13,0.0
Country 44,Arabica,299700300,2012-13,13968460.8
Country 45,Robusta,70740000,2012-13,2688000.0
Country 46,Arabica,122916960,2012-13,4502400.0
Country 47,Robusta,10080000,2012-13,336000.0
Country 48,Robusta/Arabica,58300020,2012-13,2352000.0
Country 49,Robusta/Arabica,1248600000,2012-13,75936000.0
Country 50,Robusta,2167620,2012-13,16262.4
Country 51,Robusta,21090000,2012-13,672000.0
Country 52,Robusta/Arabica,284816400,2012-13,14515200.0
Country 53,Arabica,2386067999,2012-13,110880000.0
Country 54,Robusta/Arabica,1920928320,2012-13,122640000.0
Country 55,Arabica,121620000,2012-13,8736000.0
Country 1,Robusta/Arabica,46500000,2013-14,2016000.0
Country 2,Arabica,75180000,2013-14,3494400.0
Country 3,Arabica/Robusta,27824700000,2013-14,1349712000.0
Country 4,Arabica/Robusta,3412020,2013-14,134400.0
Country 5,Arabica/Robusta,381540000,2013-14,10416000.0
Country 6,Robusta/Arabica,4920480000,2013-14,285600000.0
Country 7,Robusta,588705960,2013-14,27552000.0
Country 8,Arabica,2340000,2013-14,67200.0
Country 9,Arabica/Robusta,3608400,2013-14,137020.8
Country 10,Arabica,35100000,2013-14,1344000.0
Country 11,Arabica,402000000,2013-14,16800000.0
Country 12,Arabica,2139960,2013-14,67200.0
Country 13,Arabica,294000,2013-14,32928.0
Country 14,Arabica,8595960,2013-14,268800.0
Country 15,Robusta,5360040,2013-14,201600.0
Country 16,Arabica,384006000,2013-14,14784000.0
Country 17,Arabica/Robusta,642823380,2013-14,25759977.6
Country 18,Arabica,600600000,2013-14,22848000.0
Country 19,Robusta/Arabica,2807280000,2013-14,171360000.0
Country 20,Arabica/Robusta,76425060,2013-14,4936982.4
Country 21,Arabica,991920,2013-14,0.0
Country 22,Robusta/Arabica,143450940,2013-14,4938057.6
Country 23,Robusta,24794400,2013-14,1344000.0
Country 24,Arabica,2536776384,2013-14,108663744.0
Country 25,Arabica,665335200,2013-14,22516032.0
Country 26,Robusta,410260140,2013-14,21302400.0
Country 27,Robusta/Arabica,359880000,2013-14,13440000.0
Country 28,Arabica,417242040,2013-14,18480000.0
Country 29,Robusta,0,2013-14,0.0
Country 30,Arabica,4536540000,2013-14,226128000.0
Country 31,Robusta,1123140,2013-14,39177.6
Country 32,Robusta,9970800,2013-14,134400.0
Country 33,Arabica/Robusta,590880000,2013-14,24864000.0
Country 34,Robusta,86730000,2013-14,3360000.0
Country 35,Robusta,9203040,2013-14,591360.0
Country 36,Arabica,471850680,2013-14,23520000.0
Country 37,Robusta/Arabica,2093460000,2013-14,94080000.0
Country 38,Arabica,18688020,2013-14,604800.0
Country 39,Arabica,95190000,2013-14,3696000.0
Country 40,Robusta,157980000,2013-14,10080000.0
Country 41,Robusta,8640000,2013-14,336000.0
Country 42,Arabica/Robusta,3189660000,2013-14,155971200.0
Country 43,Arabica,0,2013-14,0.0
Country 44,Arabica,299700300,2013-14,14082499.2
Country 45,Robusta,70740000,2013-14,2688000.0
Country 46,Arabica,122916960,2013-14,4502400.0
Country 47,Robusta,10080000,2013-14,336000.0
Country 48,Robusta/Arabica,58300020,2013-14,2352000.0
Country 49,Robusta/Arabica,1248600000,2013-14,80640000.0
Country 50,Robusta,2167620,2013-14,15993.6
Country 51,Robusta,21090000,2013-14,672000.0
Country 52,Robusta/Arabica,284816400,2013-14,14837760.0
Country 53,Arabica,2386067999,2013-14,110880000.0
Country 54,Robusta/Arabica,1920928320,2013-14,134400000.0
Country 55,Arabica,121620000,2013-14,8736000.0
Country 1,Robusta/Arabica,46500000,2014-15,2016000.0
Country 2,Arabica,75180000,2014-15,3595200.0
Country 3,Arabica/Robusta,27824700000,2014-15,1366377600.0
Country 4,Arabica/Robusta,3412020,2014-15,134400.0
Country 5,Arabica/Robusta,381540000,2014-15,10416000.0
Country 6,Robusta/Arabica,4920480000,2014-15,296822400.0
Country 7,Robusta,588705960,2014-15,26208000.0
Country 8,Arabica,2340000,2014-15,67200.0
Country 9,Arabica/Robusta,3608400,2014-15,129292.8
Country 10,Arabica,35100000,2014-15,1344000.0
Country 11,Arabica,402000000,2014-15,16800000.0
Country 12,Arabica,2139960,2014-15,67200.0
Country 13,Arabica,294000,2014-15,32928.0
Country 14,Arabica,8595960,2014-15,268800.0
Country 15,Robusta,5360040,2014-15,201600.0
Country 16,Arabica,384006000,2014-15,14784000.0
Country 17,Arabica/Robusta,642823380,2014-15,26073600.0
Country 18,Arabica,600600000,2014-15,22848000.0
Country 19,Robusta/Arabica,2807280000,2014-15,188160000.0
Country 20,Arabica/Robusta,76425060,2014-15,5155382.4
Country 21,Arabica,991920,2014-15,0.0
Country 22,Robusta/Arabica,143450940,2014-15,5061302.4
Country 23,Robusta,24794400,2014-15,1344000.0
Country 24,Arabica,2536776384,2014-15,111918307.2
Country 25,Arabica,665335200,2014-15,25585862.4
Country 26,Robusta,410260140,2014-15,21302400.0
Country 27,Robusta/Arabica,359880000,2014-15,13440000.0
Country 28,Arabica,417242040,2014-15,18816000.0
Country 29,Robusta,0,2014-15,0.0
Country 30,Arabica,4536540000,2014-15,230697600.0
Country 31,Robusta,1123140,2014-15,34742.4
Country 32,Robusta,9970800,2014-15,134400.0
Country 33,Arabica/Robusta,590880000,2014-15,25536000.0
Country 34,Robusta,86730000,2014-15,3360000.0
Country 35,Robusta,9203040,2014-15,598080.0
Country 36,Arabica,471850680,2014-15,23856000.0
Country 37,Robusta/Arabica,2093460000,2014-15,96096000.0
Country 38,Arabica,18688020,2014-15,604800.0
Country 39,Arabica,95190000,2014-15,3696000.0
Country 40,Robusta,157980000,2014-15,10080000.0
Country 41,Robusta,8640000,2014-15,336000.0
Country 42,Arabica/Robusta,3189660000,2014-15,157718400.0
Country 43,Arabica,0,2014-15,0.0
Country 44,Arabica,299700300,2014-15,14229062.4
Country 45,Robusta,70740000,2014-15,2688000.0
Country 46,Arabica,122916960,2014-15,4502400.0
Country 47,Robusta,10080000,2014-15,336000.0
Country 48,Robusta/Arabica,58300020,2014-15,2352000.0
Country 49,Robusta/Arabica,1248600000,2014-15,84000000.0
Country 50,Robusta,2167620,2014-15,13104.0
Country 51,Robusta,21090000,2014-15,672000.0
Country 52,Robusta/Arabica,284816400,2014-15,15402240.0
Country 53,Arabica,2386067999,2014-15,110880000.0
Country 54,Robusta/Arabica,1920928320,2014-15,147840000.0
Country 55,Arabica,121620000,2014-15,8400000.0
Country 1,Robusta/Arabica,46500000,2015-16,2016000.0
Country 2,Arabica,75180000,2015-16,3696000.0
Country 3,Arabica/Robusta,27824700000,2015-16,1378137600.0
Country 4,Arabica/Robusta,3412020,2015-16,134400.0
Country 5,Arabica/Robusta,381540000,2015-16,10416000.0
Country 6,Robusta/Arabica,4920480000,2015-16,305760000.0
Country 7,Robusta,588705960,2015-16,24864000.0
Country 8,Arabica,2340000,2015-16,67200.0
Country 9,Arabica/Robusta,3608400,2015-16,120960.0
Country 10,Arabica,35100000,2015-16,1344000.0
Country 11,Arabica,402000000,2015-16,16800000.0
Country 12,Arabica,2139960,2015-16,67200.0
Country 13,Arabica,294000,2015-16,32928.0
Country 14,Arabica,8595960,2015-16,268800.0
Country 15,Robusta,5360040,2015-16,201600.0
Country 16,Arabica,384006000,2015-16,14784000.0
Country 17,Arabica/Robusta,642823380,2015-16,26073600.0
Country 18,Arabica,600600000,2015-16,22848000.0
Country 19,Robusta/Arabica,2807280000,2015-16,201600000.0
Country 20,Arabica/Robusta,76425060,2015-16,6185760.0
Country 21,Arabica,991920,2015-16,0.0
Country 22,Robusta/Arabica,143450940,2015-16,5107200.0
Country 23,Robusta,24794400,2015-16,1344000.0
Country 24,Arabica,2536776384,2015-16,115609065.6
Country 25,Arabica,665335200,2015-16,30160771.2
Country 26,Robusta,410260140,2015-16,21302400.0
Country 27,Robusta/Arabica,359880000,2015-16,13440000.0
Country 28,Arabica,417242040,2015-16,19152000.0
Country 29,Robusta,0,2015-16,0.0
Country 30,Arabica,4536540000,2015-16,235267200.0
Country 31,Robusta,1123140,2015-16,33600.0
Country 32,Robusta,9970800,2015-16,134400.0
Country 33,Arabica/Robusta,590880000,2015-16,26208000.0
Country 34,Robusta,86730000,2015-16,3360000.0
Country 35,Robusta,9203040,2015-16,604800.0
Country 36,Arabica,471850680,2015-16,24528000.0
Country 37,Robusta/Arabica,2093460000,2015-16,97440000.0
Country 38,Arabica,18688020,2015-16,604800.0
Country 39,Arabica,95190000,2015-16,4032000.0
Country 40,Robusta,157980000,2015-16,10080000.0
Country 41,Robusta,8640000,2015-16,336000.0
Country 42,Arabica/Robusta,3189660000,2015-16,156508800.0
Country 43,Arabica,0,2015-16,0.0
Country 44,Arabica,299700300,2015-16,14377171.2
Country 45,Robusta,70740000,2015-16,2688000.0
Country 46,Arabica,122916960,2015-16,4502400.0
Country 47,Robusta,10080000,2015-16,336000.0
Country 48,Robusta/Arabica,58300020,2015-16,2352000.0
Country 49,Robusta/Arabica,1248600000,2015-16,87360000.0
Country 50,Robusta,2167620,2015-16,14784.0
Country 51,Robusta,21090000,2015-16,672000.0
Country 52,Robusta/Arabica,284816400,2015-16,15724800.0
Country 53,Arabica,2386067999,2015-16,110880000.0
Country 54,Robusta/Arabica,1920928320,2015-16,154560000.0
Country 55,Arabica,121620000,2015-16,7728000.0
Country 1,Robusta/Arabica,46500000,2016-17,2016000.0
Country 2,Arabica,75180000,2016-17,3830400.0
Country 3,Arabica/Robusta,27824700000,2016-17,1426320000.0
Country 4,Arabica/Robusta,3412020,2016-17,134400.0
Country 5,Arabica/Robusta,381540000,2016-17,10416000.0
Country 6,Robusta/Arabica,4920480000,2016-17,312480000.0
Country 7,Robusta,588705960,2016-17,24192000.0
Country 8,Arabica,2340000,2016-17,67200.0
Country 9,Arabica/Robusta,3608400,2016-17,134400.0
Country 10,Arabica,35100000,2016-17,1344000.0
Country 11,Arabica,402000000,2016-17,16800000.0
Country 12,Arabica,2139960,2016-17,67200.0
Country 13,Arabica,294000,2016-17,32928.0
Country 14,Arabica,8595960,2016-17,268800.0
Country 15,Robusta,5360040,2016-17,201600.0
Country 16,Arabica,384006000,2016-17,14784000.0
Country 17,Arabica/Robusta,642823380,2016-17,26208000.0
Country 18,Arabica,600600000,2016-17,22848000.0
Country 19,Robusta/Arabica,2807280000,2016-17,203616000.0
Country 20,Arabica/Robusta,76425060,2016-17,6135360.0
Country 21,Arabica,991920,2016-17,0.0
Country 22,Robusta/Arabica,143450940,2016-17,5174400.0
Country 23,Robusta,24794400,2016-17,1344000.0
Country 24,Arabica,2536776384,2016-17,116688862.08
Country 25,Arabica,665335200,2016-17,22139510.4
Country 26,Robusta,410260140,2016-17,21302400.0
Country 27,Robusta/Arabica,359880000,2016-17,13440000.0
Country 28,Arabica,417242040,2016-17,19622400.0
Country 29,Robusta,0,2016-17,0.0
Country 30,Arabica,4536540000,2016-17,239971200.0
Country 31,Robusta,1123140,2016-17,33600.0
Country 32,Robusta,9970800,2016-17,134400.0
Country 33,Arabica/Robusta,590880000,2016-17,26208000.0
Country 34,Robusta,86730000,2016-17,3360000.0
Country 35,Robusta,9203040,2016-17,604800.0
Country 36,Arabica,471850680,2016-17,24864000.0
Country 37,Robusta/Arabica,2093460000,2016-17,96768000.0
Country 38,Arabica,18688020,2016-17,604800.0
Country 39,Arabica,95190000,2016-17,4032000.0
Country 40,Robusta,157980000,2016-17,10080000.0
Country 41,Robusta,8640000,2016-17,336000.0
Country 42,Arabica/Robusta,3189660000,2016-17,158592000.0
Country 43,Arabica,0,2016-17,0.0
Country 44,Arabica,299700300,2016-17,14564121.6
Country 45,Robusta,70740000,2016-17,2688000.0
Country 46,Arabica,122916960,2016-17,4502400.0
Country 47,Robusta,10080000,2016-17,336000.0
Country 48,Robusta/Arabica,58300020,2016-17,2352000.0
Country 49,Robusta/Arabica,1248600000,2016-17,90720000.0
Country 50,Robusta,2167620,2016-17,17068.8
Country 51,Robusta,21090000,2016-17,672000.0
Country 52,Robusta/Arabica,284816400,2016-17,16128000.0
Country 53,Arabica,2386067999,2016-17,110880000.0
Country 54,Robusta/Arabica,1920928320,2016-17,161280000.0
Country 55,Arabica,121620000,2016-17,6720000.0
Country 1,Robusta/Arabica,46500000,2017-18,2016000.0
Country 2,Arabica,75180000,2017-18,3931200.0
Country 3,Arabica/Robusta,27824700000,2017-18,1478198400.0
Country 4,Arabica/Robusta,3412020,2017-18,134400.0
Country 5,Arabica/Robusta,381540000,2017-18,10416000.0
Country 6,Robusta/Arabica,4920480000,2017-18,319200000.0
Country 7,Robusta,588705960,2017-18,24528000.0
Country 8,Arabica,2340000,2017-18,67200.0
Country 9,Arabica/Robusta,3608400,2017-18,134400.0
Country 10,Arabica,35100000,2017-18,1344000.0
Country 11,Arabica,402000000,2017-18,16800000.0
Country 12,Arabica,2139960,2017-18,67200.0
Country 13,Arabica,294000,2017-18,32928.0
Country 14,Arabica,8595960,2017-18,268800.0
Country 15,Robusta,5360040,2017-18,201600.0
Country 16,Arabica,384006000,2017-18,14784000.0
Country 17,Arabica/Robusta,642823380,2017-18,26208000.0
Country 18,Arabica,600600000,2017-18,22848000.0
Country 19,Robusta/Arabica,2807280000,2017-18,213696000.0
Country 20,Arabica/Robusta,76425060,2017-18,6160022.4
Country 21,Arabica,991920,2017-18,0.0
Country 22,Robusta/Arabica,143450940,2017-18,5241600.0
Country 23,Robusta,24794400,2017-18,1344000.0
Country 24,Arabica,2536776384,2017-18,120507811.2
Country 25,Arabica,665335200,2017-18,23744044.8
Country 26,Robusta,410260140,2017-18,21302400.0
Country 27,Robusta/Arabica,359880000,2017-18,13440000.0
Country 28,Arabica,417242040,2017-18,20160000.0
Country 29,Robusta,0,2017-18,0.0
Country 30,Arabica,4536540000,2017-18,244809600.0
Country 31,Robusta,1123140,2017-18,33600.0
Country 32,Robusta,9970800,2017-18,134400.0
Country 33,Arabica/Robusta,590880000,2017-18,26544000.0
Country 34,Robusta,86730000,2017-18,3360000.0
Country 35,Robusta,9203040,2017-18,604800.0
Country 36,Arabica,471850680,2017-18,25200000.0
Country 37,Robusta/Arabica,2093460000,2017-18,98784000.0
Country 38,Arabica,18688020,2017-18,604800.0
Country 39,Arabica,95190000,2017-18,4368000.0
Country 40,Robusta,157980000,2017-18,10416000.0
Country 41,Robusta,8640000,2017-18,336000.0
Country 42,Arabica/Robusta,3189660000,2017-18,161280000.0
Country 43,Arabica,0,2017-18,0.0
Country 44,Arabica,299700300,2017-18,14649600.0
Country 45,Robusta,70740000,2017-18,2688000.0
Country 46,Arabica,122916960,2017-18,4502400.0
Country 47,Robusta,10080000,2017-18,336000.0
Country 48,Robusta/Arabica,58300020,2017-18,2352000.0
Country 49,Robusta/Arabica,1248600000,2017-18,92400000.0
Country 50,Robusta,2167620,2017-18,17068.8
Country 51,Robusta,21090000,2017-18,672000.0
Country 52,Robusta/Arabica,284816400,2017-18,16450560.0
Country 53,Arabica,2386067999,2017-18,107520000.0
Country 54,Robusta/Arabica,1920928320,2017-18,168000000.0
Country 55,Arabica,121620000,2017-18,6048000.0
Country 1,Robusta/Arabica,46500000,2018-19,2016000.0
Country 2,Arabica,75180000,2018-19,4032000.0
Country 3,Arabica/Robusta,27824700000,2018-19,1491840000.0
Country 4,Arabica/Robusta,3412020,2018-19,134400.0
Country 5,Arabica/Robusta,381540000,2018-19,10416000.0
Country 6,Robusta/Arabica,4920480000,2018-19,322560000.0
Country 7,Robusta,588705960,2018-19,25200000.0
Country 8,Arabica,2340000,2018-19,67200.0
Country 9,Arabica/Robusta,3608400,2018-19,134400.0
Country 10,Arabica,35100000,2018-19,1344000.0
Country 11,Arabica,402000000,2018-19,16800000.0
Country 12,Arabica,2139960,2018-19,67200.0
Country 13,Arabica,294000,2018-19,32928.0
Country 14,Arabica,8595960,2018-19,268800.0
Country 15,Robusta,5360040,2018-19,201600.0
Country 16,Arabica,384006000,2018-19,14784000.0
Country 17,Arabica/Robusta,642823380,2018-19,26208000.0
Country 18,Arabica,600600000,2018-19,23184000.0
Country 19,Robusta/Arabica,2807280000,2018-19,221760000.0
Country 20,Arabica/Robusta,76425060,2018-19,6182400.0
Country 21,Arabica,991920,2018-19,0.0
Country 22,Robusta/Arabica,143450940,2018-19,5241600.0
Country 23,Robusta,24794400,2018-19,1344000.0
Country 24,Arabica,2536776384,2018-19,120382752.0
Country 25,Arabica,665335200,2018-19,24528000.0
Country 26,Robusta,410260140,2018-19,21302400.0
Country 27,Robusta/Arabica,359880000,2018-19,13440000.0
Country 28,Arabica,417242040,2018-19,20160000.0
Country 29,Robusta,0,2018-19,0.0
Country 30,Arabica,4536540000,2018-19,247632000.0
Country 31,Robusta,1123140,2018-19,33600.0
Country 32,Robusta,9970800,2018-19,134400.0
Country 33,Arabica/Robusta,590880000,2018-19,26544000.0
Country 34,Robusta,86730000,2018-19,3360000.0
Country 35,Robusta,9203040,2018-19,604800.0
Country 36,Arabica,471850680,2018-19,25200000.0
Country 37,Robusta/Arabica,2093460000,2018-19,99120000.0
Country 38,Arabica,18688020,2018-19,604800.0
Country 39,Arabica,95190000,2018-19,4704000.0
Country 40,Robusta,157980000,2018-19,10416000.0
Country 41,Robusta,8640000,2018-19,336000.0
Country 42,Arabica/Robusta,3189660000,2018-19,164640000.0
Country 43,Arabica,0,2018-19,0.0
Country 44,Arabica,299700300,2018-19,14784000.0
Country 45,Robusta,70740000,2018-19,2688000.0
Country 46,Arabica,122916960,2018-19,4502400.0
Country 47,Robusta,10080000,2018-19,336000.0
Country 48,Robusta/Arabica,58300020,2018-19,2352000.0
Country 49,Robusta/Arabica,1248600000,2018-19,94080000.0
Country 50,Robusta,2167620,2018-19,17068.8
Country 51,Robusta,21090000,2018-19,672000.0
Country 52,Robusta/Arabica,284816400,2018-19,16800000.0
Country 53,Arabica,2386067999,2018-19,104160000.0
Country 54,Robusta/Arabica,1920928320,2018-19,174720000.0
Country 55,Arabica,121620000,2018-19,4368000.0
Country 1,Robusta/Arabica,46500000,2019-20,2016000.0
Country 2,Arabica,75180000,2019-20,4099200.0
Country 3,Arabica/Robusta,27824700000,2019-20,1478400000.0
Country 4,Arabica/Robusta,3412020,2019-20,134400.0
Country 5,Arabica/Robusta,381540000,2019-20,10012800.0
Country 6,Robusta/Arabica,4920480000,2019-20,322963200.0
Country 7,Robusta,588705960,2019-20,25200000.0
Country 8,Arabica,2340000,2019-20,67200.0
Country 9,Arabica/Robusta,3608400,2019-20,134400.0
Country 10,Arabica,35100000,2019-20,1344000.0
Country 11,Arabica,402000000,2019-20,16800000.0
Country 12,Arabica,2139960,2019-20,67200.0
Country 13,Arabica,294000,2019-20,32928.0
Country 14,Arabica,8595960,2019-20,268800.0
Country 15,Robusta,5360040,2019-20,201600.0
Country 16,Arabica,384006000,2019-20,14515200.0
Country 17,Arabica/Robusta,642823380,2019-20,25334400.0
Country 18,Arabica,600600000,2019-20,23184000.0
Country 19,Robusta/Arabica,2807280000,2019-20,218400000.0
Country 20,Arabica/Robusta,76425060,2019-20,6384000.0
Country 21,Arabica,991920,2019-20,0.0
Country 22,Robusta/Arabica,143450940,2019-20,5174400.0
Country 23,Robusta,24794400,2019-20,1344000.0
Country 24,Arabica,2536776384,2019-20,136064812.8
Country 25,Arabica,665335200,2019-20,23654400.0
Country 26,Robusta,410260140,2019-20,21302400.0
Country 27,Robusta/Arabica,359880000,2019-20,13305600.0
Country 28,Arabica,417242040,2019-20,19622400.0
Country 29,Robusta,0,2019-20,0.0
Country 30,Arabica,4536540000,2019-20,254083200.0
Country 31,Robusta,1123140,2019-20,33600.0
Country 32,Robusta,9970800,2019-20,134400.0
Country 33,Arabica/Robusta,590880000,2019-20,26409600.0
Country 34,Robusta,86730000,2019-20,3360000.0
Country 35,Robusta,9203040,2019-20,604800.0
Country 36,Arabica,471850680,2019-20,23520000.0
Country 37,Robusta/Arabica,2093460000,2019-20,97440000.0
Country 38,Arabica,18688020,2019-20,604800.0
Country 39,Arabica,95190000,2019-20,4804800.0
Country 40,Robusta,157980000,2019-20,10550400.0
Country 41,Robusta,8640000,2019-20,336000.0
Country 42,Arabica/Robusta,3189660000,2019-20,162960000.0
Country 43,Arabica,0,2019-20,0.0
Country 44,Arabica,299700300,2019-20,14112000.0
Country 45,Robusta,70740000,2019-20,2688000.0
Country 46,Arabica,122916960,2019-20,4502400.0
Country 47,Robusta,10080000,2019-20,336000.0
Country 48,Robusta/Arabica,58300020,2019-20,2352000.0
Country 49,Robusta/Arabica,1248600000,2019-20,94080000.0
Country 50,Robusta,2167620,2019-20,17472.0
Country 51,Robusta,21090000,2019-20,672000.0
Country 52,Robusta/Arabica,284816400,2019-20,17068800.0
Country 53,Arabica,2386067999,2019-20,85680000.0
Country 54,Robusta/Arabica,1920928320,2019-20,178080000.0
Country 55,Arabica,121620000,2019-20,4300800.0
